PDS_SBN,urn:nasa:pds:gbo.ast.spacewatch.survey::1.1,Product_Bundle
PDS_SBN,urn:nasa:pds:orex.tagcams::10.0,Product_Bundle
PDS_SBN,urn:nasa:pds:orex.ocams::6.0,Product_Bundle
PDS_PPI,urn:nasa:pds:maven.swea.calibrated::3.13,Product_Bundle
PDS_PPI,urn:nasa:pds:maven.anc::2.4,Product_Bundle
PDS_PPI,urn:nasa:pds:maven.rose.derived::1.25,Product_Bundle
PDS_PPI,urn:nasa:pds:maven.rose.derived::1.31,Product_Bundle
PDS_PPI,urn:nasa:pds:maven.anc::2.17,Product_Bundle
PDS_PPI,urn:nasa:pds:maven.rose.calibrated::1.18,Product_Bundle
PDS_PPI,urn:nasa:pds:maven.rose.derived::1.28,Product_Bundle
PDS_PPI,urn:nasa:pds:maven.rose.derived::1.10,Product_Bundle
PDS_IMG,urn:nasa:pds:msl_navcam_processed::1.0,Product_Bundle
PDS_IMG,urn:nasa:pds:msl_hazcam_raw::1.0,Product_Bundle
PDS_IMG,urn:nasa:pds:mars2020_mastcamz_sci_calibrated::1.0,Product_Bundle
PDS_GEO,urn:nasa:pds:msl_gt_diagenesis_supplement::1.0,Product_Bundle
PDS_ATM,urn:nasa:pds:mars2020_moxie::4.0,Product_Bundle
PDS_SBN,urn:nasa:pds:orex.ocams::9.0,Product_Bundle
PDS_SBN,urn:nasa:pds:psyche.grs::1.0,Product_Bundle
PDS_SBN,urn:nasa:pds:orex.tagcams::7.0,Product_Bundle
PDS_SBN,urn:nasa:pds:orex.ola::3.0,Product_Bundle
PDS_PPI,urn:nasa:pds:maven.swia.calibrated::2.9,Product_Bundle
PDS_PPI,urn:nasa:pds:maven.sep.calibrated::2.20,Product_Bundle
PDS_PPI,urn:nasa:pds:maven.lpw.raw::3.7,Product_Bundle
PDS_PPI,urn:nasa:pds:maven.insitu.calibrated::34.0,Product_Bundle
PDS_PPI,urn:nasa:pds:maven.euv.modelled::19.0,Product_Bundle
PDS_PPI,urn:nasa:pds:maven.lpw.calibrated::6.3,Product_Bundle
PDS_PPI,urn:nasa:pds:maven.lpw.derived::5.13,Product_Bundle
PDS_PPI,urn:nasa:pds:maven.swea.calibrated::3.19,Product_Bundle
PDS_PPI,urn:nasa:pds:maven.euv.modelled::22.1,Product_Bundle
PDS_PPI,urn:nasa:pds:maven.euv.calibrated::23.1,Product_Bundle
PDS_PPI,urn:nasa:pds:maven.rose.raw::1.21,Product_Bundle
PDS_PPI,urn:nasa:pds:maven.swea.calibrated::3.26,Product_Bundle
PDS_PPI,urn:nasa:pds:maven.euv.calibrated::24.1,Product_Bundle
PDS_PPI,urn:nasa:pds:maven.lpw.calibrated::5.7,Product_Bundle
PDS_PPI,urn:nasa:pds:maven.euv.modelled::22.4,Product_Bundle
PDS_PPI,urn:nasa:pds:maven.rose.derived::1.19,Product_Bundle
PDS_PPI,urn:nasa:pds:maven.rose.derived::1.27,Product_Bundle
PDS_PPI,urn:nasa:pds:maven.lpw.calibrated::5.13,Product_Bundle
PDS_PPI,urn:nasa:pds:maven.anc::2.10,Product_Bundle
PDS_PPI,urn:nasa:pds:maven.static.c::4.19,Product_Bundle
PDS_PPI,urn:nasa:pds:maven.mag.calibrated::2.24,Product_Bundle
PDS_PPI,urn:nasa:pds:maven.euv.modelled::19.1,Product_Bundle
PDS_SBN,urn:nasa:pds:small_bodies.stooke.maps::1.0,Product_Bundle
PDS_SBN,urn:nasa:pds:gbo.ast.s3os2.spectra::1.0,Product_Bundle
PDS_SBN,urn:nasa:pds:psyche.grs::2.0,Product_Bundle
PDS_SBN,urn:nasa:pds:gbo.ast.hardersen.spectra::1.0,Product_Bundle
PDS_PPI,urn:nasa:pds:lro-crater::2.0,Product_Bundle
PDS_PPI,urn:nasa:pds:maven.lpw::1.3,Product_Bundle
PDS_PPI,urn:nasa:pds:maven.insitu.calibrated::39.0,Product_Bundle
PDS_PPI,urn:nasa:pds:p10-cpi-jup-cal::1.0,Product_Bundle
PDS_PPI,urn:nasa:pds:p10-pa::1.0,Product_Bundle
PDS_PPI,urn:nasa:pds:vg2-crs-nep-urn-pdart2019::0.1,Product_Bundle
PDS_GEO,urn:nasa:pds:mars_mro_ctx_globalmosaicv01_murraylab_2023::1.0,Product_Bundle
PDS_IMG,urn:nasa:pds:dione.rhea_cassini_vims_ir-mosaic_scipioni_2022::1.0,Product_Bundle
PDS_IMG,urn:nasa:pds:mars2020_mastcamz::2.0,Product_Bundle
PDS_IMG,urn:nasa:pds:kplo-shadowcam::8.0,Product_Bundle
PDS_IMG,urn:nasa:pds:lro_lamp::1.0,Product_Bundle
PDS_IMG,urn:nasa:pds:ch1_m3::1.0,Product_Bundle
PDS_ENG,urn:nasa:pds:context::1.2,Product_Bundle
PDS_ENG,urn:nasa:pds:context::1.3,Product_Bundle
PDS_PPI,urn:nasa:pds:maven.rose.calibrated::1.24,Product_Bundle
PDS_PPI,urn:nasa:pds:maven.rose.calibrated::1.9,Product_Bundle
PDS_PPI,urn:nasa:pds:maven.euv.modelled::22.3,Product_Bundle
PDS_PPI,urn:nasa:pds:maven.lpw.derived::5.15,Product_Bundle
PDS_PPI,urn:nasa:pds:maven.swea.calibrated::4.4,Product_Bundle
PDS_PPI,urn:nasa:pds:pvo-onms::1.0,Product_Bundle
PDS_PPI,urn:nasa:pds:maven.sep.calibrated::2.15,Product_Bundle
PDS_PPI,urn:nasa:pds:maven.sep.calibrated::2.6,Product_Bundle
PDS_PPI,urn:nasa:pds:maven.swea.calibrated::3.23,Product_Bundle
PDS_PPI,urn:nasa:pds:maven.rose.raw::1.18,Product_Bundle
PDS_PPI,urn:nasa:pds:maven.rose.raw::1.27,Product_Bundle
PDS_PPI,urn:nasa:pds:maven.euv.calibrated::22.3,Product_Bundle
PDS_PPI,urn:nasa:pds:maven.lpw.derived::5.23,Product_Bundle
PDS_PPI,urn:nasa:pds:maven.insitu.calibrated::27.0,Product_Bundle
PDS_PPI,urn:nasa:pds:maven.euv.calibrated::22.1,Product_Bundle
PDS_PPI,urn:nasa:pds:maven.lpw::1.1,Product_Bundle
PDS_PPI,urn:nasa:pds:maven.insitu.calibrated::38.0,Product_Bundle
PDS_GEO,urn:nasa:pds:mars2020_mission::2.0,Product_Bundle
PDS_SBN,urn:nasa:pds:near.mission::1.0,Product_Bundle
PDS_SBN,urn:nasa:pds:orex.ovirs::9.0,Product_Bundle
PDS_IMG,urn:nasa:pds:lro-l-lroc-2-edr::18.0,Product_Bundle
PDS_IMG,urn:nasa:pds:msl_navcam_mosaic::1.0,Product_Bundle
PDS_IMG,urn:nasa:pds:lro-l-lroc-2-edr::27.0,Product_Bundle
PDS_GEO,urn:nasa:pds:mro_sharad_3d::1.0,Product_Bundle
PDS_IMG,urn:nasa:pds:messenger_mdis_1001::1.0,Product_Bundle
PDS_IMG,urn:nasa:pds:clementine::1.0,Product_Bundle
PDS_IMG,urn:nasa:pds:messenger_mdis_7001::1.0,Product_Bundle
PDS_IMG,urn:nasa:pds:msl_navcam_processed::2.0,Product_Bundle
PDS_SBN,urn:nasa:pds:lucy.leisa::2.0,Product_Bundle
PDS_SBN,urn:nasa:pds:near_rss_derived::1.0,Product_Bundle
PDS_SBN,urn:nasa:pds:orex.ovirs::11.0,Product_Bundle
PDS_SBN,urn:nasa:pds:ulysses-udds::1.0,Product_Bundle
PDS_SBN,urn:jaxa:darts:hyb2::4.0,Product_Bundle
PDS_SBN,urn:nasa:pds:galileo.ast-gaspra.ssi.cal-images::1.0,Product_Bundle
PDS_PPI,urn:nasa:pds:maven.static.c::4.25,Product_Bundle
PDS_PPI,urn:nasa:pds:kmag-model::1.0,Product_Bundle
PDS_PPI,urn:nasa:pds:mercury-simulation::1.0,Product_Bundle
PDS_PPI,urn:nasa:pds:vg1-lecp-sat::1.0,Product_Bundle
PDS_ATM,urn:nasa:pds:mr9_iris::1.0,Product_Bundle
PDS_IMG,urn:nasa:pds:mars2020_helicam::11.0,Product_Bundle
PDS_SBN,urn:nasa:pds:psyche.ns::1.0,Product_Bundle
PDS_GEO,urn:nasa:pds:mars2020_supercam::1.0,Product_Bundle
PDS_PPI,urn:nasa:pds:maven.insitu.calibrated::26.0,Product_Bundle
PDS_PPI,urn:nasa:pds:jupiter-csheet-mod-khurana2022::2.0,Product_Bundle
PDS_PPI,urn:nasa:pds:insight-ifg-mars::2.6,Product_Bundle
PDS_PPI,urn:nasa:pds:maven.swia.calibrated::1.26,Product_Bundle
PDS_PPI,urn:nasa:pds:maven.lpw.calibrated::6.0,Product_Bundle
PDS_PPI,urn:nasa:pds:maven.swea.calibrated::4.2,Product_Bundle
PDS_PPI,urn:nasa:pds:cassini-mag-cal::1.0,Product_Bundle
PDS_PPI,urn:nasa:pds:maven.euv.calibrated::24.3,Product_Bundle
PDS_PPI,urn:nasa:pds:maven.euv.modelled::22.5,Product_Bundle
PDS_PPI,urn:nasa:pds:maven.static.c::4.8,Product_Bundle
PDS_PPI,urn:nasa:pds:maven.sep.calibrated::2.7,Product_Bundle
PDS_PPI,urn:nasa:pds:maven.mag.calibrated::2.30,Product_Bundle
PDS_PPI,urn:nasa:pds:maven.static.c::4.21,Product_Bundle
PDS_PPI,urn:nasa:pds:maven.anc::2.16,Product_Bundle
PDS_PPI,urn:nasa:pds:maven.anc::2.5,Product_Bundle
PDS_PPI,urn:nasa:pds:maven.lpw.raw::3.23,Product_Bundle
PDS_PPI,urn:nasa:pds:maven.mag.calibrated::2.27,Product_Bundle
PDS_PPI,urn:nasa:pds:maven.rose.raw::1.9,Product_Bundle
PDS_IMG,urn:nasa:pds:lro-l-lroc-2-edr::15.0,Product_Bundle
PDS_IMG,urn:nasa:pds:lro-l-lroc-3-cdr::17.0,Product_Bundle
PDS_GEO,urn:nasa:pds:mars_target_encyclopedia::1.2,Product_Bundle
PDS_PPI,urn:nasa:pds:maven.euv.modelled::20.0,Product_Bundle
PDS_PPI,urn:nasa:pds:maven.rose.calibrated::1.16,Product_Bundle
PDS_PPI,urn:nasa:pds:maven.mag.calibrated::2.19,Product_Bundle
PDS_ATM,urn:nasa:pds:lab.hydrocarbon_spectra::1.0,Product_Bundle
PDS_SBN,urn:nasa:pds:lucy.mission::1.0,Product_Bundle
PDS_SBN,urn:nasa:pds:lucy.leisa::1.0,Product_Bundle
PDS_IMG,urn:nasa:pds:go_nims_encounter_guide::1.0,Product_Bundle
PDS_IMG,urn:nasa:pds:lro-l-lroc-3-cdr::8.0,Product_Bundle
PDS_IMG,urn:nasa:pds:mars2020_edlcam_ops_raw::2.0,Product_Bundle
PDS_PPI,urn:nasa:pds:clps_to2_im_rolses::0.1,Product_Bundle
PDS_IMG,urn:nasa:pds:msl_hazcam_processed::39.0,Product_Bundle
PDS_IMG,urn:nasa:pds:lro-l-lroc-5-rdr::3.0,Product_Bundle
PDS_ATM,urn:nasa:pds:msl_ice-dust::1.0,Product_Bundle
PDS_ATM,urn:nasa:pds:phx_mission_bundle::1.0,Product_Bundle
PDS_SBN,urn:nasa:pds:gbo.ast-neo.reddy.irtf.spectra::1.0,Product_Bundle
PDS_SBN,urn:nasa:pds:compil.satellite.colors::1.0,Product_Bundle
PDS_ENG,urn:nasa:pds:context::1.5,Product_Bundle
PDS_PPI,urn:nasa:pds:maven.lpw.raw::4.6,Product_Bundle
PDS_PPI,urn:nasa:pds:maven.swea.calibrated::4.6,Product_Bundle
KPDS,urn:kari:kpds:kplo_spice::1.0,Product_Bundle
PDS_IMG,urn:nasa:pds:moon_lro_mini-rf_mosaics_apl_2022::1.0,Product_Bundle
PDS_GEO,urn:nasa:pds:callisto_go_nims_reprojected_malaska_2023::1.0,Product_Bundle
PDS_GEO,urn:nasa:pds:lunar_lro_lroc_topography_domingue_2023::1.0,Product_Bundle
PDS_GEO,urn:nasa:pds:multi_galileo_nims_tube.gcube_cahill_2019::1.0,Product_Bundle
PDS_GEO,urn:nasa:pds:mars_mro_hirise_explorationzones_day_2023::1.0,Product_Bundle
PDS_IMG,urn:nasa:pds:mars2020_ecam::1.0,Product_Bundle
PDS_ATM,urn:nasa:pds:maven_ngims::1.1,Product_Bundle
PDS_SBN,urn:nasa:pds:galileo.ast-ida.ssi.cal-images::1.0,Product_Bundle
PDS_SBN,urn:nasa:pds:dawn-rss-der-vesta::1.0,Product_Bundle
PDS_GEO,urn:nasa:pds:radiosci.documentation::3.3,Product_Bundle
PDS_GEO,urn:nasa:pds:insight_rise_raw::1.0,Product_Bundle
PDS_PPI,urn:nasa:pds:maven.euv.calibrated::16.0,Product_Bundle
PDS_PPI,urn:nasa:pds:insight-ifg-mars::2.5,Product_Bundle
PDS_PPI,urn:nasa:pds:maven.rose.calibrated::1.26,Product_Bundle
PDS_PPI,urn:nasa:pds:maven.lpw.calibrated::6.8,Product_Bundle
PDS_PPI,urn:nasa:pds:insight-ifg-mars::2.0,Product_Bundle
PDS_PPI,urn:nasa:pds:maven.sep.calibrated::2.13,Product_Bundle
PDS_PPI,urn:nasa:pds:maven.rose.raw::1.17,Product_Bundle
PDS_PPI,urn:nasa:pds:maven.lpw.raw::3.13,Product_Bundle
PDS_PPI,urn:nasa:pds:maven.swia.calibrated::2.7,Product_Bundle
PDS_PPI,urn:nasa:pds:maven.static.c::4.23,Product_Bundle
PDS_PPI,urn:nasa:pds:pvo-oetp::1.0,Product_Bundle
PDS_PPI,urn:nasa:pds:maven.rose.calibrated::1.27,Product_Bundle
PDS_PPI,urn:nasa:pds:insight-ifg-mars::2.3,Product_Bundle
PDS_PPI,urn:nasa:pds:maven.lpw.derived::5.21,Product_Bundle
PDS_PPI,urn:nasa:pds:maven.lpw.calibrated::6.4,Product_Bundle
PDS_PPI,urn:nasa:pds:maven.euv.calibrated::24.4,Product_Bundle
PDS_PPI,urn:nasa:pds:maven.lpw.raw::3.15,Product_Bundle
PDS_PPI,urn:nasa:pds:maven.lpw.raw::4.1,Product_Bundle
PDS_PPI,urn:nasa:pds:maven.euv.modelled::21.1,Product_Bundle
PDS_PPI,urn:nasa:pds:lro-crater::1.9,Product_Bundle
PDS_PPI,urn:nasa:pds:maven.lpw.calibrated::6.6,Product_Bundle
PDS_PPI,urn:nasa:pds:maven.rose.derived::1.23,Product_Bundle
PDS_PPI,urn:nasa:pds:maven.swea.calibrated::4.0,Product_Bundle
PDS_PPI,urn:nasa:pds:lro-crater::1.3,Product_Bundle
PDS_PPI,urn:nasa:pds:maven.euv.modelled::19.3,Product_Bundle
PDS_PPI,urn:nasa:pds:maven.swea.calibrated::3.24,Product_Bundle
PDS_GEO,urn:nasa:pds:duxbury_pdart14_mariner69::1.0,Product_Bundle
PDS_GEO,urn:nasa:pds:lro_diviner_derived1::3.0,Product_Bundle
PDS_GEO,urn:nasa:pds:msl_apxs_supplement_sols_0_3076::1.0,Product_Bundle
PDS_ATM,urn:nasa:pds:lab.hydrocarbon_spectra::2.1,Product_Bundle
PDS_SBN,urn:nasa:pds:lucy.ttcam::2.0,Product_Bundle
PDS_SBN,urn:nasa:pds:dart_teleobs::2.0,Product_Bundle
PDS_SBN,urn:nasa:pds:galileo.ast-ida.nims.spectral-cubes::1.0,Product_Bundle
PDS_SBN,urn:nasa:pds:near.xrs::1.0,Product_Bundle
PDS_SBN,urn:nasa:pds:satellite-dione.cassini.shape-models-maps::1.0,Product_Bundle
PDS_SBN,urn:nasa:pds:lucy.mvic::2.0,Product_Bundle
PDS_SBN,urn:nasa:pds:near.nis::1.0,Product_Bundle
PDS_PPI,urn:nasa:pds:p11-pa::1.0,Product_Bundle
PDS_PPI,urn:nasa:pds:p11-traj::1.0,Product_Bundle
PDS_PPI,urn:nasa:pds:ulysses-cospin::1.1,Product_Bundle
PDS_PPI,urn:nasa:pds:p11-uv::1.0,Product_Bundle
PDS_SBN,urn:nasa:pds:msx.zody.dust::1.0,Product_Bundle
PDS_PPI,urn:nasa:pds:maven.euv.calibrated::25.1,Product_Bundle
PDS_PPI,urn:nasa:pds:maven.rose.raw::1.34,Product_Bundle
PDS_PPI,urn:nasa:pds:mr9-rss-derived::1.0,Product_Bundle
PDS_PPI,urn:nasa:pds:go-pls-jup-fitted-parameters::1.0,Product_Bundle
PDS_PPI,urn:nasa:pds:p10-trd::1.0,Product_Bundle
PDS_IMG,urn:nasa:pds:msl_navcam_mosaic::39.0,Product_Bundle
PDS_IMG,urn:nasa:pds:mars2020_edlcam_ops_raw::11.0,Product_Bundle
PDS_IMG,urn:nasa:pds:msl_mmm::1.0,Product_Bundle
PDS_IMG,urn:nasa:pds:ody.themis.geo::1.0,Product_Bundle
PDS_IMG,urn:nasa:pds:insight_cameras::17.0,Product_Bundle
PDS_IMG,urn:nasa:pds:msl_places::39.0,Product_Bundle
PDS_ATM,urn:nasa:pds:maven.iuvs.raw::13.0,Product_Bundle
PDS_SBN,urn:nasa:pds:lucy.mission::2.0,Product_Bundle
PDS_SBN,urn:nasa:pds:small_bodies.stooke.shape-models::1.0,Product_Bundle
PDS_SBN,urn:nasa:pds:galileo.ast-ida.nims.spectra::1.0,Product_Bundle
PDS_SBN,urn:nasa:pds:gbo.ast-neo.sanchez-reddy.spectra::1.0,Product_Bundle
PDS_SBN,urn:nasa:pds:psyche.ns::2.0,Product_Bundle
PDS_ENG,urn:nasa:pds:context::1.1,Product_Bundle
PDS_ENG,urn:nasa:pds:context::1.0,Product_Bundle
PDS_ENG,urn:nasa:pds:context::1.4,Product_Bundle
PDS_PPI,urn:nasa:pds:maven.swia.calibrated::2.14,Product_Bundle
PDS_PPI,urn:nasa:pds:venus-solar-wind-interactions::1.0,Product_Bundle
PDS_PPI,urn:nasa:pds:jupiter-csheet-mod-khurana2022::3.0,Product_Bundle
PDS_IMG,urn:nasa:pds:m2020_edlcam_raw::1.0,Product_Bundle
PDS_IMG,urn:nasa:pds:msl_navcam_raw::1.0,Product_Bundle
PDS_IMG,urn:nasa:pds:mars2020_mastcamz::1.0,Product_Bundle
PDS_GEO,urn:nasa:pds:insight_seis::2.0,Product_Bundle
PDS_GEO,urn:nasa:pds:msl_apxs_supplement_sols_0_2301::1.0,Product_Bundle
PDS_GEO,urn:nasa:pds:mars2020_supercam::3.0,Product_Bundle
PDS_GEO,urn:nasa:pds:mars2020_supercam::2.0,Product_Bundle
PDS_SBN,urn:nasa:pds:lucy.rss::1.0,Product_Bundle
PDS_SBN,urn:nasa:pds:orex.tagcams::6.0,Product_Bundle
PDS_SBN,urn:nasa:pds:orex.mission::8.0,Product_Bundle
PDS_GEO,urn:nasa:pds:clps_to_2ab_nirvss_spc::1.0,Product_Bundle
PDS_PPI,urn:nasa:pds:mess-epps-eps-derived::1.0,Product_Bundle
PDS_PPI,urn:nasa:pds:lro-crater::1.5,Product_Bundle
PDS_PPI,urn:nasa:pds:maven.swia.calibrated::2.8,Product_Bundle
PDS_PPI,urn:nasa:pds:maven.swia.calibrated::2.2,Product_Bundle
PDS_PPI,urn:nasa:pds:maven.rose.raw::1.29,Product_Bundle
PDS_PPI,urn:nasa:pds:maven.static.c::4.18,Product_Bundle
PDS_PPI,urn:nasa:pds:maven.static.c::4.9,Product_Bundle
PDS_PPI,urn:nasa:pds:maven.rose.raw::1.22,Product_Bundle
PDS_PPI,urn:nasa:pds:maven.euv.calibrated::24.5,Product_Bundle
PDS_PPI,urn:nasa:pds:maven.sep.calibrated::2.12,Product_Bundle
PDS_PPI,urn:nasa:pds:maven.euv.calibrated::22.0,Product_Bundle
PDS_PPI,urn:nasa:pds:maven.rose.raw::1.25,Product_Bundle
PDS_PPI,urn:nasa:pds:maven.static.c::4.7,Product_Bundle
PDS_PPI,urn:nasa:pds:maven.swia.calibrated::2.12,Product_Bundle
PDS_PPI,urn:nasa:pds:maven.static.c::4.15,Product_Bundle
PDS_PPI,urn:nasa:pds:maven.rose.raw::1.16,Product_Bundle
PDS_PPI,urn:nasa:pds:maven.lpw.raw::3.19,Product_Bundle
PDS_PPI,urn:nasa:pds:maven.static.c::4.20,Product_Bundle
PDS_PPI,urn:nasa:pds:maven.swia.calibrated::2.10,Product_Bundle
PDS_PPI,urn:nasa:pds:maven.sep.calibrated::2.8,Product_Bundle
PDS_PPI,urn:nasa:pds:maven.anc::1.18,Product_Bundle
PDS_PPI,urn:nasa:pds:maven.euv.calibrated::22.4,Product_Bundle
PDS_SBN,urn:nasa:pds:galileo.ast-gaspra.nims.spectral-cube::1.0,Product_Bundle
PDS_SBN,urn:nasa:pds:satellite-rhea.cassini.shape-models-maps::1.0,Product_Bundle
PDS_SBN,urn:jaxa:darts:hyb2_lidar::2.0,Product_Bundle
PDS_SBN,urn:nasa:pds:gbo.ast.rivkin.3-micron-spectra::1.0,Product_Bundle
PDS_SBN,urn:nasa:pds:dawn-mission::1.0,Product_Bundle
PDS_SBN,urn:nasa:pds:galileo-dds::1.0,Product_Bundle
PDS_IMG,urn:nasa:pds:messenger_mdis_3001::1.0,Product_Bundle
PDS_IMG,urn:nasa:pds:moon_lro_lroc_boulderdata_watkins_2018::1.0,Product_Bundle
PDS_IMG,urn:nasa:pds:go_nims_encounter_guide::1.1,Product_Bundle
PDS_GEO,urn:nasa:pds:mars_mro_marci_dailyglobalmosaics_wang_2023::2.0,Product_Bundle
PDS_GEO,urn:nasa:pds:mars_mgs_moc-wa_photometric-controls_robbins_2023::1.0,Product_Bundle
PDS_IMG,urn:nasa:pds:msl_hazcam_raw::39.0,Product_Bundle
PDS_IMG,urn:nasa:pds:lro-l-lroc-2-edr::30.0,Product_Bundle
PDS_ATM,urn:nasa:pds:phx_ao_bundle::1.0,Product_Bundle
PDS_ATM,urn:nasa:pds:phx_met_bundle::1.0,Product_Bundle
PDS_ATM,urn:nasa:pds:maven.iuvs.calibrated::13.0,Product_Bundle
PDS_ENG,urn:nasa:pds:system_bundle::1.1,Product_Bundle
PDS_SBN,urn:nasa:pds:lucy.ltes::1.0,Product_Bundle
PDS_SBN,urn:nasa:pds:lucy.ttcam::1.0,Product_Bundle
PDS_SBN,urn:nasa:pds:orex.tagcams::8.0,Product_Bundle
PDS_SBN,urn:nasa:pds:orex.ocams::10.0,Product_Bundle
PDS_SBN,urn:nasa:pds:lucy.mvic::1.0,Product_Bundle
PDS_SBN,urn:nasa:pds:gbo.ast.spacewatch.survey::1.0,Product_Bundle
PDS_GEO,urn:nasa:pds:clps_to_2ab_nirvss_lcs::1.0,Product_Bundle
PDS_PPI,urn:nasa:pds:maven.static.c::4.0,Product_Bundle
PDS_PPI,urn:nasa:pds:maven.lpw.derived::5.19,Product_Bundle
PDS_PPI,urn:nasa:pds:maven.rose.derived::1.22,Product_Bundle
PDS_PPI,urn:nasa:pds:maven.insitu.calibrated::21.0,Product_Bundle
PDS_PPI,urn:nasa:pds:maven.anc::2.12,Product_Bundle
PDS_PPI,urn:nasa:pds:maven.rose.calibrated::1.21,Product_Bundle
PDS_PPI,urn:nasa:pds:maven.anc::2.14,Product_Bundle
PDS_PPI,urn:nasa:pds:maven.sep.calibrated::2.10,Product_Bundle
PDS_PPI,urn:nasa:pds:maven.rose.derived::1.18,Product_Bundle
PDS_PPI,urn:nasa:pds:maven.rose.calibrated::1.17,Product_Bundle
PDS_PPI,urn:nasa:pds:lro-crater::1.6,Product_Bundle
PDS_PPI,urn:nasa:pds:maven.swea.calibrated::3.18,Product_Bundle
PDS_PPI,urn:nasa:pds:maven.insitu.calibrated::29.0,Product_Bundle
PDS_PPI,urn:nasa:pds:maven.mag.calibrated::2.25,Product_Bundle
PDS_PPI,urn:nasa:pds:maven.mag.calibrated::2.20,Product_Bundle
PDS_PPI,urn:nasa:pds:maven.lpw.derived::5.7,Product_Bundle
PDS_PPI,urn:nasa:pds:maven.lpw.derived::6.0,Product_Bundle
PDS_PPI,urn:nasa:pds:maven.sep.calibrated::1.17,Product_Bundle
PDS_GEO,urn:nasa:pds:radiosci.documentation::3.2,Product_Bundle
PDS_ATM,urn:nasa:pds:mars2020_moxie::1.0,Product_Bundle
PDS_ATM,urn:nasa:pds:mgs_tes_recalib_atmos::1.0,Product_Bundle
PDS_GEO,urn:nasa:pds:mars_target_encyclopedia::2.0,Product_Bundle
PDS_GEO,urn:nasa:pds:mars2020_rover_places::3.0,Product_Bundle
PDS_IMG,urn:nasa:pds:mars2020_mastcamz_sci_calibrated::2.0,Product_Bundle
PDS_GEO,urn:nasa:pds:radiosci.documentation::3.0,Product_Bundle
PDS_IMG,urn:nasa:pds:ody.themis.sdp::1.0,Product_Bundle
PDS_GEO,urn:nasa:pds:mars_mro.odyssey_multi_cavecatalog_cushing_2016::1.0,Product_Bundle
PDS_IMG,urn:nasa:pds:messenger_mdis_2001::1.0,Product_Bundle
PDS_IMG,urn:nasa:pds:lro-l-lroc-3-cdr::29.0,Product_Bundle
PDS_ATM,urn:nasa:pds:pv_lnms_gas_samples::1.0,Product_Bundle
PDS_ATM,urn:nasa:pds:maven.iuvs.derived::13.0,Product_Bundle
PDS_ATM,urn:nasa:pds:phx_ase_bundle::1.0,Product_Bundle
PDS_ATM,urn:nasa:pds:phx_tt_bundle::1.0,Product_Bundle
PDS_SBN,urn:nasa:pds:dawn-rss-der-ceres::1.0,Product_Bundle
PDS_SBN,urn:nasa:pds:gbo.ast.catalina.survey::1.0,Product_Bundle
PDS_SBN,urn:nasa:pds:psyche.mission::1.0,Product_Bundle
PDS_SBN,urn:nasa:pds:lucy.rss::2.0,Product_Bundle
PDS_SBN,urn:nasa:pds:lucy.ltes::2.0,Product_Bundle
PDS_SBN,urn:nasa:pds:dart::3.0,Product_Bundle
PDS_SBN,urn:nasa:pds:near_rss_raw::1.0,Product_Bundle
PDS_SBN,urn:nasa:pds:satellite-mimas.cassini.shape-models-maps::1.0,Product_Bundle
PDS_PPI,urn:nasa:pds:maven.euv.modelled::23.1,Product_Bundle
PDS_PPI,urn:nasa:pds:voyager-pws-vlism-density::1.0,Product_Bundle
PDS_PPI,urn:nasa:pds:maven.mag.calibrated::2.35,Product_Bundle
PDS_PPI,urn:nasa:pds:maven.rose.derived::1.35,Product_Bundle
PDS_PPI,urn:nasa:pds:vg2-crs-sat::1.0,Product_Bundle
PDS_PPI,urn:nasa:pds:lunar-polar-magnetic.field-maps::1.0,Product_Bundle
PDS_PPI,urn:nasa:pds:vg2-crs-urn::1.0,Product_Bundle
PDS_PPI,urn:nasa:pds:cassini-caps-water-group-ion::2.0,Product_Bundle
PDS_GEO,urn:nasa:pds:mars2020_sherloc::1.1,Product_Bundle
PDS_GEO,urn:nasa:pds:radiosci.documentation::2.0,Product_Bundle
PDS_SBN,urn:nasa:pds:lucy.llorri::2.0,Product_Bundle
PDS_SBN,urn:nasa:pds:orex.ovirs::5.0,Product_Bundle
PDS_GEO,urn:nasa:pds:mars_target_encyclopedia::1.0,Product_Bundle
PDS_GEO,urn:nasa:pds:insight_seis::1.1,Product_Bundle
PDS_ATM,urn:nasa:pds:mars2020_meda::1.0,Product_Bundle
PDS_SBN,urn:nasa:pds:orex.mission::7.0,Product_Bundle
PDS_IMG,urn:nasa:pds:msl_hazcam_processed::1.0,Product_Bundle
PDS_IMG,urn:nasa:pds:lro-l-lroc-3-cdr::14.0,Product_Bundle
PDS_IMG,urn:nasa:pds:lro-l-lroc-2-edr::9.0,Product_Bundle
PDS_PPI,urn:nasa:pds:maven.anc::2.9,Product_Bundle
PDS_PPI,urn:nasa:pds:maven.anc::2.15,Product_Bundle
PDS_PPI,urn:nasa:pds:mess-epps-fips-derived::1.0,Product_Bundle
PDS_PPI,urn:nasa:pds:maven.lpw.calibrated::7.1,Product_Bundle
PDS_PPI,urn:nasa:pds:maven.rose.raw::1.20,Product_Bundle
PDS_PPI,urn:nasa:pds:maven.static.c::4.13,Product_Bundle
PDS_PPI,urn:nasa:pds:galileo-ppr-prejup-derived::1.0,Product_Bundle
PDS_PPI,urn:nasa:pds:maven.euv.modelled::13.0,Product_Bundle
PDS_PPI,urn:nasa:pds:maven.swea.calibrated::3.17,Product_Bundle
PDS_PPI,urn:nasa:pds:maven.lpw.calibrated::7.0,Product_Bundle
PDS_PPI,urn:nasa:pds:maven.swia.calibrated::2.5,Product_Bundle
PDS_PPI,urn:nasa:pds:pvo-oetp::1.1,Product_Bundle
PDS_PPI,urn:nasa:pds:maven.rose.raw::1.28,Product_Bundle
PDS_SBN,urn:nasa:pds:orex.spectral_analysis::1.0,Product_Bundle
PDS_SBN,urn:nasa:pds:gbo.ast.spacewatch.survey::2.0,Product_Bundle
PDS_SBN,urn:nasa:pds:satellite-tethys.cassini.shape-models-maps::1.0,Product_Bundle
PDS_GEO,urn:nasa:pds:nearmsi.gbl::1.0,Product_Bundle
PDS_IMG,urn:nasa:pds:messenger_mdis_5001::1.0,Product_Bundle
PDS_GEO,urn:nasa:pds:europa_go_nims_reprojected_malaska_2023::1.0,Product_Bundle
PDS_IMG,urn:nasa:pds:msl_navcam_raw::39.0,Product_Bundle
PDS_IMG,urn:nasa:pds:messenger_mdis_6001::1.0,Product_Bundle
PDS_GEO,urn:nasa:pds:mars_cave_catalog::1.0,Product_Bundle
PDS_IMG,urn:nasa:pds:messenger_mdis_7301::1.0,Product_Bundle
PDS_IMG,urn:nasa:pds:messenger_mdis_8001::1.0,Product_Bundle
PDS_IMG,urn:nasa:pds:messenger_mdis_7101::1.0,Product_Bundle
PDS_ATM,urn:nasa:pds:maven.iuvs.kp::13.0,Product_Bundle
PDS_ATM,urn:nasa:pds:mgn-atm-profile::1.0,Product_Bundle
PDS_ATM,urn:nasa:pds:msledl::1.0,Product_Bundle
PDS_PPI,urn:nasa:pds:vg1-pws-ele-density::1.0,Product_Bundle
PDS_PPI,urn:nasa:pds:p11-hvm-sat-cal::1.0,Product_Bundle
PDS_PPI,urn:nasa:pds:maven.sep.calibrated::2.23,Product_Bundle
PDS_PPI,urn:nasa:pds:maven.anc::2.23,Product_Bundle
PDS_PPI,urn:nasa:pds:vg2-crs-nep::1.0,Product_Bundle
PDS_PPI,urn:nasa:pds:pvo-sedr::1.0,Product_Bundle
PDS_PPI,urn:nasa:pds:maven.lpw.derived::7.0,Product_Bundle
PDS_ATM,urn:nasa:pds:lab.hydrocarbon_spectra::3.0,Product_Bundle
PDS_SBN,urn:nasa:pds:orex.mission::6.0,Product_Bundle
PDS_SBN,urn:nasa:pds:orex.ocams::8.0,Product_Bundle
PDS_SBN,urn:nasa:pds:orex.tagcams::12.0,Product_Bundle
PDS_SBN,urn:nasa:pds:orex.ovirs::8.0,Product_Bundle
PDS_SBN,urn:nasa:pds:orex.ocams::7.0,Product_Bundle
PDS_GEO,urn:nasa:pds:lro_diviner_derived1::1.0,Product_Bundle
PDS_PPI,urn:nasa:pds:maven.sep.calibrated::2.18,Product_Bundle
PDS_PPI,urn:nasa:pds:maven.swia.calibrated::1.19,Product_Bundle
PDS_PPI,urn:nasa:pds:maven.rose.derived::1.17,Product_Bundle
PDS_PPI,urn:nasa:pds:maven.rose.derived::1.29,Product_Bundle
PDS_PPI,urn:nasa:pds:maven.swia.calibrated::1.27,Product_Bundle
PDS_PPI,urn:nasa:pds:maven.lpw.derived::6.1,Product_Bundle
PDS_PPI,urn:nasa:pds:maven.swia.calibrated::1.28,Product_Bundle
PDS_PPI,urn:nasa:pds:maven.lpw.raw::4.0,Product_Bundle
PDS_PPI,urn:nasa:pds:maven.rose.calibrated::1.20,Product_Bundle
PDS_PPI,urn:nasa:pds:maven.swea.calibrated::3.28,Product_Bundle
PDS_PPI,urn:nasa:pds:maven.sep.calibrated::2.19,Product_Bundle
PDS_PPI,urn:nasa:pds:maven.sep.calibrated::2.17,Product_Bundle
PDS_PPI,urn:nasa:pds:maven.lpw.raw::3.21,Product_Bundle
PDS_PPI,urn:nasa:pds:maven.mag.calibrated::2.12,Product_Bundle
PDS_PPI,urn:nasa:pds:cassini-caps-water-group-ion::1.0,Product_Bundle
PDS_PPI,urn:nasa:pds:maven.lpw.raw::3.18,Product_Bundle
PDS_PPI,urn:nasa:pds:maven.mag.calibrated::2.29,Product_Bundle
PDS_PPI,urn:nasa:pds:maven.mag.calibrated::2.21,Product_Bundle
PDS_PPI,urn:nasa:pds:maven.mag.calibrated::2.31,Product_Bundle
PDS_PPI,urn:nasa:pds:maven.static.c::4.12,Product_Bundle
PDS_PPI,urn:nasa:pds:maven.lpw.derived::5.18,Product_Bundle
PDS_PPI,urn:nasa:pds:maven.rose.calibrated::1.22,Product_Bundle
PDS_PPI,urn:nasa:pds:maven.sep.calibrated::2.22,Product_Bundle
PDS_IMG,urn:nasa:pds:lro-l-lroc-3-cdr::26.0,Product_Bundle
PDS_IMG,urn:nasa:pds:msl_places::37.0,Product_Bundle
PDS_IMG,urn:nasa:pds:cassini-coradar::1.0,Product_Bundle
PDS_IMG,urn:nasa:pds:io_mko_irtf3m0_volcanoes_rathbun_2018::1.0,Product_Bundle
PDS_IMG,urn:nasa:pds:messenger_mdis_7201::1.0,Product_Bundle
PDS_IMG,urn:nasa:pds:mars2020_edlcam_ops_calibrated::11.0,Product_Bundle
PDS_IMG,urn:nasa:pds:viking_orbiter_imaging::1.0,Product_Bundle
PDS_IMG,urn:nasa:pds:moon_lro_mini-rf_mosaics_waller_2022::1.0,Product_Bundle
PDS_SBN,urn:nasa:pds:gbo.pluto.benecchi-etal.occultation::1.0,Product_Bundle
PDS_SBN,urn:nasa:pds:galileo.ast-gaspra.nims.spectra::1.0,Product_Bundle
PDS_SBN,urn:nasa:pds:liciacube::1.0,Product_Bundle
PDS_SBN,urn:nasa:pds:dwarf_planet-ceres.dawn-fc.urvara-mosaics::1.0,Product_Bundle
PDS_PPI,urn:nasa:pds:sw-interaction-with-orbiting-venus::1.0,Product_Bundle
PDS_SBN,urn:nasa:pds:lucy.llorri::3.0,Product_Bundle
PDS_PPI,urn:nasa:pds:maven.rose.calibrated::1.33,Product_Bundle
PDS_PPI,urn:nasa:pds:maven.lpw.calibrated::8.3,Product_Bundle
PDS_PPI,urn:nasa:pds:p11-trd::1.0,Product_Bundle
PDS_ATM,urn:nasa:pds:pvmp_dlbi::1.0,Product_Bundle
PDS_PPI,urn:nasa:pds:p10-traj::1.0,Product_Bundle
