PDS_IMG,urn:nasa:pds:mars2020_mastcamz::1.0,Product_Bundle
PDS_IMG,urn:nasa:pds:msl_navcam_processed::1.0,Product_Bundle
PDS_IMG,urn:nasa:pds:msl_hazcam_raw::1.0,Product_Bundle
PDS_IMG,urn:nasa:pds:mars2020_mastcamz_sci_calibrated::1.0,Product_Bundle
PDS_PPI,urn:nasa:pds:maven.lpw.calibrated::8.2,Product_Bundle
PDS_PPI,urn:nasa:pds:maven.lpw.calibrated::7.1,Product_Bundle
PDS_PPI,urn:nasa:pds:maven.lpw.calibrated::7.0,Product_Bundle
PDS_PPI,urn:nasa:pds:maven.lpw.calibrated::6.8,Product_Bundle
PDS_PPI,urn:nasa:pds:maven.lpw.calibrated::6.6,Product_Bundle
PDS_PPI,urn:nasa:pds:maven.lpw.calibrated::6.4,Product_Bundle
PDS_PPI,urn:nasa:pds:maven.lpw.calibrated::6.3,Product_Bundle
PDS_PPI,urn:nasa:pds:maven.lpw.calibrated::6.0,Product_Bundle
PDS_PPI,urn:nasa:pds:maven.lpw.calibrated::5.13,Product_Bundle
PDS_PPI,urn:nasa:pds:maven.lpw.calibrated::5.7,Product_Bundle
PDS_PPI,urn:nasa:pds:maven.lpw.derived::6.1,Product_Bundle
PDS_PPI,urn:nasa:pds:maven.lpw.derived::6.0,Product_Bundle
PDS_PPI,urn:nasa:pds:maven.lpw.derived::5.23,Product_Bundle
PDS_PPI,urn:nasa:pds:maven.lpw.derived::5.21,Product_Bundle
PDS_PPI,urn:nasa:pds:maven.lpw.derived::5.19,Product_Bundle
PDS_PPI,urn:nasa:pds:maven.lpw.derived::5.18,Product_Bundle
PDS_PPI,urn:nasa:pds:maven.lpw.derived::5.15,Product_Bundle
PDS_PPI,urn:nasa:pds:maven.lpw.derived::5.13,Product_Bundle
PDS_PPI,urn:nasa:pds:maven.lpw.derived::5.7,Product_Bundle
PDS_PPI,urn:nasa:pds:maven.swea.calibrated::4.7,Product_Bundle
PDS_PPI,urn:nasa:pds:maven.swea.calibrated::4.5,Product_Bundle
PDS_PPI,urn:nasa:pds:maven.swea.calibrated::4.4,Product_Bundle
PDS_PPI,urn:nasa:pds:maven.swea.calibrated::4.2,Product_Bundle
PDS_PPI,urn:nasa:pds:maven.swea.calibrated::4.0,Product_Bundle
PDS_PPI,urn:nasa:pds:maven.swea.calibrated::3.28,Product_Bundle
PDS_PPI,urn:nasa:pds:maven.swea.calibrated::3.26,Product_Bundle
PDS_PPI,urn:nasa:pds:maven.swea.calibrated::3.24,Product_Bundle
PDS_PPI,urn:nasa:pds:maven.swea.calibrated::3.23,Product_Bundle
PDS_PPI,urn:nasa:pds:maven.swea.calibrated::3.19,Product_Bundle
PDS_PPI,urn:nasa:pds:maven.swea.calibrated::3.18,Product_Bundle
PDS_PPI,urn:nasa:pds:maven.swea.calibrated::3.17,Product_Bundle
PDS_PPI,urn:nasa:pds:maven.swea.calibrated::3.13,Product_Bundle
PDS_PPI,urn:nasa:pds:maven.euv.modelled::23.1,Product_Bundle
PDS_PPI,urn:nasa:pds:maven.euv.modelled::22.5,Product_Bundle
PDS_PPI,urn:nasa:pds:maven.euv.modelled::22.4,Product_Bundle
PDS_PPI,urn:nasa:pds:maven.euv.modelled::22.3,Product_Bundle
PDS_PPI,urn:nasa:pds:maven.euv.modelled::22.1,Product_Bundle
PDS_PPI,urn:nasa:pds:maven.euv.modelled::21.1,Product_Bundle
PDS_PPI,urn:nasa:pds:maven.euv.modelled::20.0,Product_Bundle
PDS_PPI,urn:nasa:pds:maven.euv.modelled::19.3,Product_Bundle
PDS_PPI,urn:nasa:pds:maven.euv.modelled::19.1,Product_Bundle
PDS_PPI,urn:nasa:pds:maven.euv.modelled::19.0,Product_Bundle
PDS_PPI,urn:nasa:pds:maven.euv.modelled::13.0,Product_Bundle
PDS_PPI,urn:nasa:pds:maven.anc::2.17,Product_Bundle
PDS_PPI,urn:nasa:pds:maven.anc::2.16,Product_Bundle
PDS_PPI,urn:nasa:pds:maven.anc::2.15,Product_Bundle
PDS_PPI,urn:nasa:pds:maven.anc::2.14,Product_Bundle
PDS_PPI,urn:nasa:pds:maven.anc::2.12,Product_Bundle
PDS_PPI,urn:nasa:pds:maven.anc::2.10,Product_Bundle
PDS_PPI,urn:nasa:pds:maven.anc::2.9,Product_Bundle
PDS_PPI,urn:nasa:pds:maven.anc::2.5,Product_Bundle
PDS_PPI,urn:nasa:pds:maven.anc::2.4,Product_Bundle
PDS_PPI,urn:nasa:pds:maven.anc::1.18,Product_Bundle
PDS_PPI,urn:nasa:pds:maven.rose.derived::1.34,Product_Bundle
PDS_PPI,urn:nasa:pds:maven.rose.derived::1.31,Product_Bundle
PDS_PPI,urn:nasa:pds:maven.rose.derived::1.29,Product_Bundle
PDS_PPI,urn:nasa:pds:maven.rose.derived::1.28,Product_Bundle
PDS_PPI,urn:nasa:pds:maven.rose.derived::1.27,Product_Bundle
PDS_PPI,urn:nasa:pds:maven.rose.derived::1.25,Product_Bundle
PDS_PPI,urn:nasa:pds:maven.rose.derived::1.23,Product_Bundle
PDS_PPI,urn:nasa:pds:maven.rose.derived::1.22,Product_Bundle
PDS_PPI,urn:nasa:pds:maven.rose.derived::1.19,Product_Bundle
PDS_PPI,urn:nasa:pds:maven.rose.derived::1.18,Product_Bundle
PDS_PPI,urn:nasa:pds:maven.rose.derived::1.17,Product_Bundle
PDS_PPI,urn:nasa:pds:maven.rose.derived::1.10,Product_Bundle
PDS_PPI,urn:nasa:pds:maven.rose.calibrated::1.27,Product_Bundle
PDS_PPI,urn:nasa:pds:maven.rose.calibrated::1.26,Product_Bundle
PDS_PPI,urn:nasa:pds:maven.rose.calibrated::1.24,Product_Bundle
PDS_PPI,urn:nasa:pds:maven.rose.calibrated::1.22,Product_Bundle
PDS_PPI,urn:nasa:pds:maven.rose.calibrated::1.21,Product_Bundle
PDS_PPI,urn:nasa:pds:maven.rose.calibrated::1.20,Product_Bundle
PDS_PPI,urn:nasa:pds:maven.rose.calibrated::1.18,Product_Bundle
PDS_PPI,urn:nasa:pds:maven.rose.calibrated::1.17,Product_Bundle
PDS_PPI,urn:nasa:pds:maven.rose.calibrated::1.16,Product_Bundle
PDS_PPI,urn:nasa:pds:maven.rose.calibrated::1.9,Product_Bundle
PDS_PPI,urn:nasa:pds:lro-crater::2.0,Product_Bundle
PDS_PPI,urn:nasa:pds:lro-crater::1.9,Product_Bundle
PDS_PPI,urn:nasa:pds:lro-crater::1.6,Product_Bundle
PDS_PPI,urn:nasa:pds:lro-crater::1.5,Product_Bundle
PDS_PPI,urn:nasa:pds:lro-crater::1.3,Product_Bundle
PDS_PPI,urn:nasa:pds:maven.insitu.calibrated::38.0,Product_Bundle
PDS_PPI,urn:nasa:pds:maven.insitu.calibrated::34.0,Product_Bundle
PDS_PPI,urn:nasa:pds:maven.insitu.calibrated::29.0,Product_Bundle
PDS_PPI,urn:nasa:pds:maven.insitu.calibrated::27.0,Product_Bundle
PDS_PPI,urn:nasa:pds:maven.insitu.calibrated::26.0,Product_Bundle
PDS_PPI,urn:nasa:pds:maven.insitu.calibrated::21.0,Product_Bundle
PDS_PPI,urn:nasa:pds:maven.euv.calibrated::25.1,Product_Bundle
PDS_PPI,urn:nasa:pds:maven.euv.calibrated::24.5,Product_Bundle
PDS_PPI,urn:nasa:pds:maven.euv.calibrated::24.4,Product_Bundle
PDS_PPI,urn:nasa:pds:maven.euv.calibrated::24.3,Product_Bundle
PDS_PPI,urn:nasa:pds:maven.euv.calibrated::24.1,Product_Bundle
PDS_PPI,urn:nasa:pds:maven.euv.calibrated::23.1,Product_Bundle
PDS_PPI,urn:nasa:pds:maven.euv.calibrated::22.4,Product_Bundle
PDS_PPI,urn:nasa:pds:maven.euv.calibrated::22.3,Product_Bundle
PDS_PPI,urn:nasa:pds:maven.euv.calibrated::22.1,Product_Bundle
PDS_PPI,urn:nasa:pds:maven.euv.calibrated::22.0,Product_Bundle
PDS_PPI,urn:nasa:pds:maven.euv.calibrated::16.0,Product_Bundle
PDS_PPI,urn:nasa:pds:maven.swia.calibrated::2.13,Product_Bundle
PDS_PPI,urn:nasa:pds:maven.swia.calibrated::2.12,Product_Bundle
PDS_PPI,urn:nasa:pds:maven.swia.calibrated::2.10,Product_Bundle
PDS_PPI,urn:nasa:pds:maven.swia.calibrated::2.9,Product_Bundle
PDS_PPI,urn:nasa:pds:maven.swia.calibrated::2.8,Product_Bundle
PDS_PPI,urn:nasa:pds:maven.swia.calibrated::2.7,Product_Bundle
PDS_PPI,urn:nasa:pds:maven.swia.calibrated::2.5,Product_Bundle
PDS_PPI,urn:nasa:pds:maven.swia.calibrated::2.2,Product_Bundle
PDS_PPI,urn:nasa:pds:maven.swia.calibrated::1.28,Product_Bundle
PDS_PPI,urn:nasa:pds:maven.swia.calibrated::1.27,Product_Bundle
PDS_PPI,urn:nasa:pds:maven.swia.calibrated::1.26,Product_Bundle
PDS_PPI,urn:nasa:pds:maven.swia.calibrated::1.19,Product_Bundle
PDS_PPI,urn:nasa:pds:maven.sep.calibrated::2.22,Product_Bundle
PDS_PPI,urn:nasa:pds:maven.sep.calibrated::2.20,Product_Bundle
PDS_PPI,urn:nasa:pds:maven.sep.calibrated::2.19,Product_Bundle
PDS_PPI,urn:nasa:pds:maven.sep.calibrated::2.18,Product_Bundle
PDS_PPI,urn:nasa:pds:maven.sep.calibrated::2.17,Product_Bundle
PDS_PPI,urn:nasa:pds:maven.sep.calibrated::2.15,Product_Bundle
PDS_PPI,urn:nasa:pds:maven.sep.calibrated::2.13,Product_Bundle
PDS_PPI,urn:nasa:pds:maven.sep.calibrated::2.12,Product_Bundle
PDS_PPI,urn:nasa:pds:maven.sep.calibrated::2.10,Product_Bundle
PDS_PPI,urn:nasa:pds:maven.sep.calibrated::2.8,Product_Bundle
PDS_PPI,urn:nasa:pds:maven.sep.calibrated::2.7,Product_Bundle
PDS_PPI,urn:nasa:pds:maven.sep.calibrated::2.6,Product_Bundle
PDS_PPI,urn:nasa:pds:maven.sep.calibrated::1.17,Product_Bundle
PDS_PPI,urn:nasa:pds:maven.lpw.raw::4.5,Product_Bundle
PDS_PPI,urn:nasa:pds:maven.lpw.raw::4.1,Product_Bundle
PDS_PPI,urn:nasa:pds:maven.lpw.raw::4.0,Product_Bundle
PDS_PPI,urn:nasa:pds:maven.lpw.raw::3.23,Product_Bundle
PDS_PPI,urn:nasa:pds:maven.lpw.raw::3.21,Product_Bundle
PDS_PPI,urn:nasa:pds:maven.lpw.raw::3.19,Product_Bundle
PDS_PPI,urn:nasa:pds:maven.lpw.raw::3.18,Product_Bundle
PDS_PPI,urn:nasa:pds:maven.lpw.raw::3.15,Product_Bundle
PDS_PPI,urn:nasa:pds:maven.lpw.raw::3.13,Product_Bundle
PDS_PPI,urn:nasa:pds:maven.lpw.raw::3.7,Product_Bundle
PDS_PPI,urn:nasa:pds:maven.rose.raw::1.33,Product_Bundle
PDS_PPI,urn:nasa:pds:maven.rose.raw::1.29,Product_Bundle
PDS_PPI,urn:nasa:pds:maven.rose.raw::1.28,Product_Bundle
PDS_PPI,urn:nasa:pds:maven.rose.raw::1.27,Product_Bundle
PDS_PPI,urn:nasa:pds:maven.rose.raw::1.25,Product_Bundle
PDS_PPI,urn:nasa:pds:maven.rose.raw::1.22,Product_Bundle
PDS_PPI,urn:nasa:pds:maven.rose.raw::1.21,Product_Bundle
PDS_PPI,urn:nasa:pds:maven.rose.raw::1.20,Product_Bundle
PDS_PPI,urn:nasa:pds:maven.rose.raw::1.18,Product_Bundle
PDS_PPI,urn:nasa:pds:maven.rose.raw::1.17,Product_Bundle
PDS_PPI,urn:nasa:pds:maven.rose.raw::1.16,Product_Bundle
PDS_PPI,urn:nasa:pds:maven.rose.raw::1.9,Product_Bundle
PDS_ATM,urn:nasa:pds:mars2020_moxie::1.0,Product_Bundle
PDS_PPI,urn:nasa:pds:maven.static.c::4.25,Product_Bundle
PDS_PPI,urn:nasa:pds:maven.static.c::4.24,Product_Bundle
PDS_PPI,urn:nasa:pds:maven.static.c::4.23,Product_Bundle
PDS_PPI,urn:nasa:pds:maven.static.c::4.21,Product_Bundle
PDS_PPI,urn:nasa:pds:maven.static.c::4.20,Product_Bundle
PDS_PPI,urn:nasa:pds:maven.static.c::4.19,Product_Bundle
PDS_PPI,urn:nasa:pds:maven.static.c::4.18,Product_Bundle
PDS_PPI,urn:nasa:pds:maven.static.c::4.15,Product_Bundle
PDS_PPI,urn:nasa:pds:maven.static.c::4.13,Product_Bundle
PDS_PPI,urn:nasa:pds:maven.static.c::4.12,Product_Bundle
PDS_PPI,urn:nasa:pds:maven.static.c::4.9,Product_Bundle
PDS_PPI,urn:nasa:pds:maven.static.c::4.8,Product_Bundle
PDS_PPI,urn:nasa:pds:maven.static.c::4.7,Product_Bundle
PDS_PPI,urn:nasa:pds:maven.static.c::4.0,Product_Bundle
PDS_PPI,urn:nasa:pds:maven.mag.calibrated::2.35,Product_Bundle
PDS_PPI,urn:nasa:pds:maven.mag.calibrated::2.31,Product_Bundle
PDS_PPI,urn:nasa:pds:maven.mag.calibrated::2.30,Product_Bundle
PDS_PPI,urn:nasa:pds:maven.mag.calibrated::2.29,Product_Bundle
PDS_PPI,urn:nasa:pds:maven.mag.calibrated::2.27,Product_Bundle
PDS_PPI,urn:nasa:pds:maven.mag.calibrated::2.25,Product_Bundle
PDS_PPI,urn:nasa:pds:maven.mag.calibrated::2.24,Product_Bundle
PDS_PPI,urn:nasa:pds:maven.mag.calibrated::2.21,Product_Bundle
PDS_PPI,urn:nasa:pds:maven.mag.calibrated::2.20,Product_Bundle
PDS_PPI,urn:nasa:pds:maven.mag.calibrated::2.19,Product_Bundle
PDS_PPI,urn:nasa:pds:maven.mag.calibrated::2.12,Product_Bundle
PDS_SBN,urn:nasa:pds:orex.ocams::9.0,Product_Bundle
PDS_SBN,urn:nasa:pds:orex.ocams::8.0,Product_Bundle
PDS_SBN,urn:nasa:pds:orex.ocams::7.0,Product_Bundle
PDS_SBN,urn:nasa:pds:orex.ocams::6.0,Product_Bundle
PDS_SBN,urn:nasa:pds:orex.tagcams::10.0,Product_Bundle
PDS_SBN,urn:nasa:pds:orex.tagcams::8.0,Product_Bundle
PDS_SBN,urn:nasa:pds:orex.tagcams::7.0,Product_Bundle
PDS_SBN,urn:nasa:pds:orex.tagcams::6.0,Product_Bundle
PDS_SBN,urn:nasa:pds:gbo.ast.spacewatch.survey::1.1,Product_Bundle
PDS_SBN,urn:nasa:pds:gbo.ast.spacewatch.survey::1.0,Product_Bundle
PDS_ENG,urn:nasa:pds:context::1.5,Product_Bundle
PDS_ENG,urn:nasa:pds:context::1.4,Product_Bundle
PDS_ENG,urn:nasa:pds:context::1.3,Product_Bundle
PDS_ENG,urn:nasa:pds:context::1.2,Product_Bundle
PDS_ENG,urn:nasa:pds:context::1.1,Product_Bundle
PDS_ENG,urn:nasa:pds:context::1.0,Product_Bundle
PDS_IMG,urn:nasa:pds:lro-l-lroc-3-cdr::31.0,Product_Bundle
PDS_IMG,urn:nasa:pds:lro-l-lroc-3-cdr::29.0,Product_Bundle
PDS_IMG,urn:nasa:pds:lro-l-lroc-3-cdr::26.0,Product_Bundle
PDS_IMG,urn:nasa:pds:lro-l-lroc-3-cdr::17.0,Product_Bundle
PDS_IMG,urn:nasa:pds:lro-l-lroc-3-cdr::14.0,Product_Bundle
PDS_IMG,urn:nasa:pds:lro-l-lroc-3-cdr::8.0,Product_Bundle
PDS_SBN,urn:nasa:pds:lucy.leisa::1.0,Product_Bundle
PDS_SBN,urn:nasa:pds:orex.ovirs::8.0,Product_Bundle
PDS_SBN,urn:nasa:pds:orex.ovirs::5.0,Product_Bundle
PDS_IMG,urn:nasa:pds:lro-l-lroc-2-edr::32.0,Product_Bundle
PDS_IMG,urn:nasa:pds:lro-l-lroc-2-edr::30.0,Product_Bundle
PDS_IMG,urn:nasa:pds:lro-l-lroc-2-edr::27.0,Product_Bundle
PDS_IMG,urn:nasa:pds:lro-l-lroc-2-edr::18.0,Product_Bundle
PDS_IMG,urn:nasa:pds:lro-l-lroc-2-edr::15.0,Product_Bundle
PDS_IMG,urn:nasa:pds:lro-l-lroc-2-edr::9.0,Product_Bundle
PDS_IMG,urn:nasa:pds:msl_navcam_mosaic::39.0,Product_Bundle
PDS_IMG,urn:nasa:pds:msl_navcam_mosaic::1.0,Product_Bundle
PDS_ATM,urn:nasa:pds:junocam_atm-ml-calib::1.0,Product_Bundle
PDS_GEO,urn:nasa:pds:mars_target_encyclopedia::1.2,Product_Bundle
PDS_GEO,urn:nasa:pds:mars_target_encyclopedia::1.0,Product_Bundle
PDS_IMG,urn:nasa:pds:go_nims_encounter_guide::1.0,Product_Bundle
PDS_GEO,urn:nasa:pds:mars2020_supercam::2.0,Product_Bundle
PDS_GEO,urn:nasa:pds:mars2020_supercam::1.0,Product_Bundle
PDS_ATM,urn:nasa:pds:lab.hydrocarbon_spectra::2.1,Product_Bundle
PDS_ATM,urn:nasa:pds:lab.hydrocarbon_spectra::1.0,Product_Bundle
PDS_IMG,urn:nasa:pds:msl_hazcam_processed::39.0,Product_Bundle
PDS_IMG,urn:nasa:pds:msl_hazcam_processed::1.0,Product_Bundle
PDS_PPI,urn:nasa:pds:jupiter-csheet-mod-khurana2022::2.0,Product_Bundle
PDS_PPI,urn:nasa:pds:insight-ifg-mars::2.5,Product_Bundle
PDS_PPI,urn:nasa:pds:insight-ifg-mars::2.3,Product_Bundle
PDS_PPI,urn:nasa:pds:insight-ifg-mars::2.0,Product_Bundle
PDS_SBN,urn:nasa:pds:lucy.mission::1.0,Product_Bundle
PDS_GEO,urn:nasa:pds:radiosci.documentation::3.2,Product_Bundle
PDS_GEO,urn:nasa:pds:radiosci.documentation::3.0,Product_Bundle
PDS_GEO,urn:nasa:pds:radiosci.documentation::2.0,Product_Bundle
PDS_GEO,urn:nasa:pds:lro_diviner_derived1::1.0,Product_Bundle
PDS_PPI,urn:nasa:pds:pvo-oetp::1.0,Product_Bundle
PDS_IMG,urn:nasa:pds:msl_places::39.0,Product_Bundle
PDS_IMG,urn:nasa:pds:msl_places::37.0,Product_Bundle
PDS_SBN,urn:nasa:pds:lucy.ttcam::1.0,Product_Bundle
PDS_SBN,urn:nasa:pds:lucy.mvic::1.0,Product_Bundle
PDS_IMG,urn:nasa:pds:msl_navcam_raw::1.0,Product_Bundle
PDS_GEO,urn:nasa:pds:insight_seis::1.1,Product_Bundle
PDS_SBN,urn:nasa:pds:orex.mission::7.0,Product_Bundle
PDS_SBN,urn:nasa:pds:orex.mission::6.0,Product_Bundle
PDS_SBN,urn:nasa:pds:lucy.rss::1.0,Product_Bundle
PDS_SBN,urn:nasa:pds:lucy.ltes::1.0,Product_Bundle
PDS_PPI,urn:nasa:pds:cassini-caps-water-group-ion::1.0,Product_Bundle
PDS_SBN,urn:nasa:pds:lucy.llorri::2.0,Product_Bundle
