PDS_IMG,urn:nasa:pds:insight_cameras::10.0,Product_Bundle,2023-06-06T17:22:14.233820Z
PDS_IMG,urn:nasa:pds:insight_cameras::14.0,Product_Bundle,2023-06-06T17:22:14.136220Z
PDS_IMG,urn:nasa:pds:insight_cameras::15.0,Product_Bundle,2023-06-08T04:40:27.712196Z
PDS_IMG,urn:nasa:pds:insight_cameras::6.0,Product_Bundle,2023-06-07T02:01:07.575690Z
PDS_PPI,urn:nasa:pds:maven.rose.raw::1.32,Product_Bundle,2025-07-01T23:50:20.134230Z
PSA,urn:esa:psa:bc_mpo_berm::1.0,Product_Bundle,2023-09-20T15:18:34.188293Z
PSA,urn:esa:psa:bc_mpo_berm::1.18,Product_Bundle,2023-09-20T16:01:57.036861Z
PSA,urn:esa:psa:bc_mpo_berm::1.20,Product_Bundle,2023-09-20T16:01:57.489181Z
PSA,urn:esa:psa:bc_mpo_berm::1.27,Product_Bundle,2023-09-20T16:01:58.789197Z
PSA,urn:esa:psa:bc_mpo_berm::1.38,Product_Bundle,2023-09-20T16:02:00.801165Z
PSA,urn:esa:psa:bc_mpo_berm::1.4,Product_Bundle,2023-09-20T16:01:44.865442Z
PSA,urn:esa:psa:bc_mpo_berm::1.45,Product_Bundle,2023-09-20T16:02:02.293005Z
PSA,urn:esa:psa:bc_mpo_berm::1.9,Product_Bundle,2023-09-20T16:01:55.397433Z
PSA,urn:esa:psa:bc_mpo_berm::10.1,Product_Bundle,2023-09-20T16:02:16.529076Z
PSA,urn:esa:psa:bc_mpo_berm::10.2,Product_Bundle,2023-09-20T16:02:16.656187Z
PSA,urn:esa:psa:bc_mpo_berm::10.4,Product_Bundle,2023-09-20T16:02:16.789335Z
PSA,urn:esa:psa:bc_mpo_berm::12.0,Product_Bundle,2023-09-20T16:02:17.879259Z
PSA,urn:esa:psa:bc_mpo_berm::2.0,Product_Bundle,2023-09-20T16:02:03.457146Z
PSA,urn:esa:psa:bc_mpo_berm::2.3,Product_Bundle,2023-09-20T16:02:04.051956Z
PSA,urn:esa:psa:bc_mpo_berm::3.3,Product_Bundle,2023-09-20T16:02:08.199117Z
PSA,urn:esa:psa:bc_mpo_berm::8.3,Product_Bundle,2023-09-20T16:02:14.740458Z
PSA,urn:esa:psa:bc_mpo_isa::10.1,Product_Bundle,2023-09-20T15:49:45.309451Z
PSA,urn:esa:psa:bc_mpo_isa::2.0,Product_Bundle,2023-09-20T15:47:20.709770Z
PSA,urn:esa:psa:bc_mpo_isa::2.16,Product_Bundle,2023-09-20T15:47:24.286033Z
PSA,urn:esa:psa:bc_mpo_isa::2.17,Product_Bundle,2023-09-20T15:47:24.482Z
PSA,urn:esa:psa:bc_mpo_isa::2.8,Product_Bundle,2023-09-20T15:47:22.379955Z
PSA,urn:esa:psa:bc_mpo_isa::5.0,Product_Bundle,2023-09-20T15:47:30.055025Z
PSA,urn:esa:psa:bc_mpo_isa::5.3,Product_Bundle,2023-09-20T15:49:37.460711Z
PSA,urn:esa:psa:bc_mpo_mixs::1.9,Product_Bundle,2023-09-20T15:44:16.676617Z
PSA,urn:esa:psa:bc_mpo_mixs::10.1,Product_Bundle,2023-09-20T16:16:38.648491Z
PSA,urn:esa:psa:bc_mpo_mixs::3.0,Product_Bundle,2023-09-20T16:15:50.948479Z
PSA,urn:esa:psa:bc_mpo_mixs::4.1,Product_Bundle,2023-09-20T16:15:51.823552Z
PSA,urn:esa:psa:bc_mpo_mixs::6.0,Product_Bundle,2023-09-20T16:15:53.800379Z
PSA,urn:esa:psa:bc_mpo_mixs::8.2,Product_Bundle,2023-09-20T16:16:35.204470Z
PSA,urn:esa:psa:bc_mpo_mixs::8.3,Product_Bundle,2023-09-20T16:16:36.239702Z
PSA,urn:esa:psa:bc_mpo_mixs::9.1,Product_Bundle,2023-09-20T16:16:37.507194Z
PSA,urn:esa:psa:bc_mpo_serena::0.5,Product_Bundle,2023-09-20T15:40:37.299665Z
PSA,urn:esa:psa:bc_mpo_sixs::1.12,Product_Bundle,2023-09-21T05:47:26.346596Z
PSA,urn:esa:psa:bc_mpo_sixs::1.7,Product_Bundle,2023-09-21T05:47:26.003335Z
PSA,urn:esa:psa:bc_mpo_sixs::2.0,Product_Bundle,2023-09-21T05:47:26.753925Z
PSA,urn:esa:psa:em16::100.14,Product_Bundle,2023-08-25T17:15:34.510533Z
PSA,urn:esa:psa:em16::100.19,Product_Bundle,2023-08-25T17:15:34.740656Z
PSA,urn:esa:psa:em16::100.21,Product_Bundle,2023-08-25T17:15:34.794668Z
PSA,urn:esa:psa:em16::100.22,Product_Bundle,2023-08-25T17:15:34.826001Z
PSA,urn:esa:psa:em16::101.4,Product_Bundle,2023-08-25T17:15:40.084298Z
PSA,urn:esa:psa:em16::102.1,Product_Bundle,2023-08-25T17:15:40.153781Z
PSA,urn:esa:psa:em16::104.3,Product_Bundle,2023-08-25T17:15:40.446848Z
PSA,urn:esa:psa:em16::104.4,Product_Bundle,2023-08-25T17:15:40.468433Z
PSA,urn:esa:psa:em16::107.2,Product_Bundle,2023-08-25T17:15:40.866129Z
PSA,urn:esa:psa:em16::108.2,Product_Bundle,2023-08-25T17:15:41.065630Z
PSA,urn:esa:psa:em16::11.0,Product_Bundle,2023-08-25T17:14:42.662417Z
PSA,urn:esa:psa:em16::111.3,Product_Bundle,2023-08-25T17:15:53.975526Z
PSA,urn:esa:psa:em16::111.4,Product_Bundle,2023-08-25T17:15:54.022021Z
PSA,urn:esa:psa:em16::112.1,Product_Bundle,2023-08-25T17:15:54.116785Z
PSA,urn:esa:psa:em16::113.0,Product_Bundle,2023-08-25T17:15:54.290600Z
PSA,urn:esa:psa:em16::116.0,Product_Bundle,2023-08-25T17:15:55.153375Z
PSA,urn:esa:psa:em16::116.4,Product_Bundle,2023-08-25T17:15:55.340986Z
PSA,urn:esa:psa:em16::117.0,Product_Bundle,2023-08-25T17:15:55.386180Z
PSA,urn:esa:psa:em16::118.2,Product_Bundle,2023-08-25T17:15:55.779927Z
PSA,urn:esa:psa:em16::119.2,Product_Bundle,2023-08-25T17:16:24.772219Z
PSA,urn:esa:psa:em16::119.4,Product_Bundle,2023-08-25T17:16:24.879202Z
PSA,urn:esa:psa:em16::120.0,Product_Bundle,2023-08-25T17:16:24.928070Z
PSA,urn:esa:psa:em16::28.11,Product_Bundle,2023-08-25T17:14:47.334181Z
PSA,urn:esa:psa:em16::28.33,Product_Bundle,2023-08-25T17:14:47.659444Z
PSA,urn:esa:psa:em16::28.40,Product_Bundle,2023-08-25T17:14:47.794363Z
PSA,urn:esa:psa:em16::28.43,Product_Bundle,2023-08-25T17:14:53.482635Z
PSA,urn:esa:psa:em16::28.51,Product_Bundle,2023-08-25T17:14:53.649739Z
PSA,urn:esa:psa:em16::28.8,Product_Bundle,2023-08-25T17:14:47.303609Z
PSA,urn:esa:psa:em16::3.0,Product_Bundle,2023-08-25T17:14:37.466954Z
PSA,urn:esa:psa:em16::31.0,Product_Bundle,2023-08-25T17:14:53.863035Z
PSA,urn:esa:psa:em16::41.0,Product_Bundle,2023-08-25T17:14:54.036675Z
PSA,urn:esa:psa:em16::46.0,Product_Bundle,2023-08-25T17:14:54.132654Z
PSA,urn:esa:psa:em16::48.10,Product_Bundle,2023-08-25T17:14:54.393698Z
PSA,urn:esa:psa:em16::48.106,Product_Bundle,2023-08-25T17:15:08.832874Z
PSA,urn:esa:psa:em16::48.118,Product_Bundle,2023-08-25T17:15:14.102767Z
PSA,urn:esa:psa:em16::48.126,Product_Bundle,2023-08-25T17:15:14.302927Z
PSA,urn:esa:psa:em16::48.128,Product_Bundle,2023-08-25T17:15:14.354231Z
PSA,urn:esa:psa:em16::48.14,Product_Bundle,2023-08-25T17:15:00.609235Z
PSA,urn:esa:psa:em16::48.140,Product_Bundle,2023-08-25T17:15:14.790028Z
PSA,urn:esa:psa:em16::48.149,Product_Bundle,2023-08-25T17:15:15.069011Z
PSA,urn:esa:psa:em16::48.156,Product_Bundle,2023-08-25T17:15:15.360097Z
PSA,urn:esa:psa:em16::48.16,Product_Bundle,2023-08-25T17:15:00.651619Z
PSA,urn:esa:psa:em16::48.24,Product_Bundle,2023-08-25T17:15:00.846851Z
PSA,urn:esa:psa:em16::48.25,Product_Bundle,2023-08-25T17:15:00.879638Z
PSA,urn:esa:psa:em16::48.41,Product_Bundle,2023-08-25T17:15:01.297021Z
PSA,urn:esa:psa:em16::48.49,Product_Bundle,2023-08-25T17:15:01.469104Z
PSA,urn:esa:psa:em16::48.5,Product_Bundle,2023-08-25T17:14:54.278083Z
PSA,urn:esa:psa:em16::48.60,Product_Bundle,2023-08-25T17:15:01.880682Z
PSA,urn:esa:psa:em16::48.61,Product_Bundle,2023-08-25T17:15:07.589037Z
PSA,urn:esa:psa:em16::48.65,Product_Bundle,2023-08-25T17:15:07.678713Z
PSA,urn:esa:psa:em16::48.73,Product_Bundle,2023-08-25T17:15:07.918594Z
PSA,urn:esa:psa:em16::48.75,Product_Bundle,2023-08-25T17:15:07.963919Z
PSA,urn:esa:psa:em16::48.84,Product_Bundle,2023-08-25T17:15:08.229808Z
PSA,urn:esa:psa:em16::48.92,Product_Bundle,2023-08-25T17:15:08.428209Z
PSA,urn:esa:psa:em16::48.98,Product_Bundle,2023-08-25T17:15:08.617196Z
PSA,urn:esa:psa:em16::5.4,Product_Bundle,2023-08-25T17:14:37.745232Z
PSA,urn:esa:psa:em16::57.0,Product_Bundle,2023-08-25T17:15:20.925958Z
PSA,urn:esa:psa:em16::59.0,Product_Bundle,2023-08-25T17:15:21.039111Z
PSA,urn:esa:psa:em16::63.0,Product_Bundle,2023-08-25T17:15:21.111602Z
PSA,urn:esa:psa:em16::67.10,Product_Bundle,2023-08-25T17:15:21.496910Z
PSA,urn:esa:psa:em16::67.23,Product_Bundle,2023-08-25T17:15:22.001968Z
PSA,urn:esa:psa:em16::67.24,Product_Bundle,2023-08-25T17:15:22.058414Z
PSA,urn:esa:psa:em16::67.28,Product_Bundle,2023-08-25T17:15:22.218824Z
PSA,urn:esa:psa:em16::67.3,Product_Bundle,2023-08-25T17:15:21.301121Z
PSA,urn:esa:psa:em16::67.42,Product_Bundle,2023-08-25T17:15:27.098929Z
PSA,urn:esa:psa:em16::67.57,Product_Bundle,2023-08-25T17:15:27.495782Z
PSA,urn:esa:psa:em16::67.8,Product_Bundle,2023-08-25T17:15:21.419822Z
PSA,urn:esa:psa:em16::67.9,Product_Bundle,2023-08-25T17:15:21.468663Z
PSA,urn:esa:psa:em16::8.11,Product_Bundle,2023-08-25T17:14:42.284466Z
PSA,urn:esa:psa:em16::8.15,Product_Bundle,2023-08-25T17:14:42.337257Z
PSA,urn:esa:psa:em16::8.19,Product_Bundle,2023-08-25T17:14:42.374904Z
PSA,urn:esa:psa:em16::8.22,Product_Bundle,2023-08-25T17:14:42.412403Z
PSA,urn:esa:psa:em16::8.24,Product_Bundle,2023-08-25T17:14:42.435218Z
PSA,urn:esa:psa:em16::8.25,Product_Bundle,2023-08-25T17:14:42.448335Z
PSA,urn:esa:psa:em16::8.26,Product_Bundle,2023-08-25T17:14:42.457195Z
PSA,urn:esa:psa:em16::8.27,Product_Bundle,2023-08-25T17:14:42.468108Z
PSA,urn:esa:psa:em16::8.31,Product_Bundle,2023-08-25T17:14:42.524740Z
PSA,urn:esa:psa:em16::8.32,Product_Bundle,2023-08-25T17:14:42.538222Z
PSA,urn:esa:psa:em16::8.33,Product_Bundle,2023-08-25T17:14:42.545523Z
PSA,urn:esa:psa:em16::84.0,Product_Bundle,2023-08-25T17:15:33.741864Z
PSA,urn:esa:psa:em16::89.0,Product_Bundle,2023-08-25T17:15:33.870093Z
PSA,urn:esa:psa:em16::96.0,Product_Bundle,2023-08-25T17:15:34.054747Z
PSA,urn:esa:psa:em16_spice::1.0,Product_Bundle,2023-09-21T06:58:31.752726Z
PSA,urn:esa:psa:em16_spice::2.0,Product_Bundle,2023-09-23T18:37:19.074843Z
PDS_SBN,urn:nasa:pds:orex.otes::10.0,Product_Bundle,2022-08-09T12:23:14.080450Z
PDS_IMG,urn:nasa:pds:insight_cameras::12.0,Product_Bundle,2023-06-07T02:01:07.624358Z
PDS_PPI,urn:nasa:pds:maven.lpw.derived::6.4,Product_Bundle,2025-06-24T17:46:03.574345Z
PDS_PPI,urn:nasa:pds:maven.rose.calibrated::1.31,Product_Bundle,2025-06-25T23:06:50.655162Z
PDS_PPI,urn:nasa:pds:maven.lpw.raw::4.4,Product_Bundle,2025-06-25T20:26:10.886152Z
PSA,urn:esa:psa:bc_mpo_berm::1.13,Product_Bundle,2023-09-20T16:01:56.176255Z
PSA,urn:esa:psa:bc_mpo_berm::1.23,Product_Bundle,2023-09-20T16:01:57.827034Z
PSA,urn:esa:psa:bc_mpo_berm::1.25,Product_Bundle,2023-09-20T16:01:58.598863Z
PSA,urn:esa:psa:bc_mpo_berm::1.26,Product_Bundle,2023-09-20T16:01:58.707786Z
PSA,urn:esa:psa:bc_mpo_berm::1.28,Product_Bundle,2023-09-20T16:01:58.878252Z
PSA,urn:esa:psa:bc_mpo_berm::1.37,Product_Bundle,2023-09-20T16:02:00.705096Z
PSA,urn:esa:psa:bc_mpo_berm::1.42,Product_Bundle,2023-09-20T16:02:01.740369Z
PSA,urn:esa:psa:bc_mpo_berm::1.44,Product_Bundle,2023-09-20T16:02:01.974257Z
PSA,urn:esa:psa:bc_mpo_berm::1.5,Product_Bundle,2023-09-20T16:01:45.305932Z
PSA,urn:esa:psa:bc_mpo_berm::10.3,Product_Bundle,2023-09-20T16:02:16.711805Z
PSA,urn:esa:psa:bc_mpo_berm::11.2,Product_Bundle,2023-09-20T16:02:17.518277Z
PSA,urn:esa:psa:bc_mpo_berm::11.3,Product_Bundle,2023-09-20T16:02:17.776594Z
PSA,urn:esa:psa:bc_mpo_berm::2.2,Product_Bundle,2023-09-20T16:02:03.894359Z
PSA,urn:esa:psa:bc_mpo_berm::3.1,Product_Bundle,2023-09-20T16:02:04.816645Z
PSA,urn:esa:psa:bc_mpo_berm::5.2,Product_Bundle,2023-09-20T16:02:10.952573Z
PSA,urn:esa:psa:bc_mpo_berm::8.1,Product_Bundle,2023-09-20T16:02:14.400827Z
PSA,urn:esa:psa:bc_mpo_berm::9.3,Product_Bundle,2023-09-20T16:02:15.699550Z
PSA,urn:esa:psa:bc_mpo_isa::11.0,Product_Bundle,2023-09-20T15:49:47.291795Z
PSA,urn:esa:psa:bc_mpo_isa::2.11,Product_Bundle,2023-09-20T15:47:23.040613Z
PSA,urn:esa:psa:bc_mpo_isa::2.4,Product_Bundle,2023-09-20T15:47:21.502742Z
PSA,urn:esa:psa:bc_mpo_isa::6.0,Product_Bundle,2023-09-20T15:49:37.763870Z
PSA,urn:esa:psa:bc_mpo_isa::7.1,Product_Bundle,2023-09-20T15:49:39.114873Z
PSA,urn:esa:psa:bc_mpo_mixs::1.0,Product_Bundle,2023-09-20T15:19:15.812409Z
PSA,urn:esa:psa:bc_mpo_mixs::1.8,Product_Bundle,2023-09-20T15:44:16.192552Z
PSA,urn:esa:psa:bc_mpo_mixs::5.3,Product_Bundle,2023-09-20T16:15:53.650654Z
PSA,urn:esa:psa:bc_mpo_serena::0.3,Product_Bundle,2023-09-20T15:40:36.924939Z
PSA,urn:esa:psa:bc_mpo_sixs::1.10,Product_Bundle,2023-09-21T05:47:26.196695Z
PSA,urn:esa:psa:bc_mpo_sixs::1.15,Product_Bundle,2023-09-21T05:47:26.524074Z
PSA,urn:esa:psa:bc_mpo_sixs::1.9,Product_Bundle,2023-09-21T05:47:26.117756Z
PSA,urn:esa:psa:bc_mpo_sixs::2.1,Product_Bundle,2023-09-21T05:47:26.804600Z
PSA,urn:esa:psa:bc_mpo_sixs::4.2,Product_Bundle,2023-09-21T05:52:50.907402Z
PSA,urn:esa:psa:bc_mpo_sixs::6.2,Product_Bundle,2023-09-21T05:52:51.811662Z
PSA,urn:esa:psa:bc_spice::1.0,Product_Bundle,2023-09-20T15:19:56.392732Z
PSA,urn:esa:psa:em16::100.0,Product_Bundle,2023-08-25T17:15:34.153450Z
PSA,urn:esa:psa:em16::100.10,Product_Bundle,2023-08-25T17:15:34.413862Z
PSA,urn:esa:psa:em16::100.17,Product_Bundle,2023-08-25T17:15:34.686134Z
PSA,urn:esa:psa:em16::100.18,Product_Bundle,2023-08-25T17:15:34.714569Z
PSA,urn:esa:psa:em16::100.32,Product_Bundle,2023-08-25T17:15:35.089977Z
PSA,urn:esa:psa:em16::101.0,Product_Bundle,2023-08-25T17:15:39.995470Z
PSA,urn:esa:psa:em16::101.5,Product_Bundle,2023-08-25T17:15:40.108315Z
PSA,urn:esa:psa:em16::103.1,Product_Bundle,2023-08-25T17:15:40.269591Z
PSA,urn:esa:psa:em16::103.2,Product_Bundle,2023-08-25T17:15:40.300207Z
PSA,urn:esa:psa:em16::105.0,Product_Bundle,2023-08-25T17:15:40.535976Z
PSA,urn:esa:psa:em16::107.0,Product_Bundle,2023-08-25T17:15:40.819294Z
PSA,urn:esa:psa:em16::107.4,Product_Bundle,2023-08-25T17:15:40.911926Z
PSA,urn:esa:psa:em16::108.0,Product_Bundle,2023-08-25T17:15:40.973632Z
PSA,urn:esa:psa:em16::108.3,Product_Bundle,2023-08-25T17:15:41.114103Z
PSA,urn:esa:psa:em16::109.3,Product_Bundle,2023-08-25T17:15:53.571224Z
PSA,urn:esa:psa:em16::113.6,Product_Bundle,2023-08-25T17:15:54.578579Z
PSA,urn:esa:psa:em16::114.1,Product_Bundle,2023-08-25T17:15:54.765985Z
PSA,urn:esa:psa:em16::12.0,Product_Bundle,2023-08-25T17:14:42.671667Z
PSA,urn:esa:psa:em16::120.1,Product_Bundle,2023-08-25T17:16:24.985084Z
PSA,urn:esa:psa:em16::122.0,Product_Bundle,2023-08-25T17:16:25.306585Z
PSA,urn:esa:psa:em16::122.4,Product_Bundle,2023-08-25T17:16:25.342096Z
PSA,urn:esa:psa:em16::17.0,Product_Bundle,2023-08-25T17:14:42.735328Z
PSA,urn:esa:psa:em16::23.0,Product_Bundle,2023-08-25T17:14:47.069220Z
PSA,urn:esa:psa:em16::25.0,Product_Bundle,2023-08-25T17:14:47.108472Z
PSA,urn:esa:psa:em16::28.14,Product_Bundle,2023-08-25T17:14:47.371017Z
PSA,urn:esa:psa:em16::28.19,Product_Bundle,2023-08-25T17:14:47.432457Z
PSA,urn:esa:psa:em16::28.20,Product_Bundle,2023-08-25T17:14:47.444467Z
PSA,urn:esa:psa:em16::28.24,Product_Bundle,2023-08-25T17:14:47.502180Z
PSA,urn:esa:psa:em16::28.35,Product_Bundle,2023-08-25T17:14:47.697423Z
PSA,urn:esa:psa:em16::28.38,Product_Bundle,2023-08-25T17:14:47.762315Z
PSA,urn:esa:psa:em16::3.4,Product_Bundle,2023-08-25T17:14:37.565919Z
PSA,urn:esa:psa:em16::37.0,Product_Bundle,2023-08-25T17:14:53.969316Z
PSA,urn:esa:psa:em16::38.0,Product_Bundle,2023-08-25T17:14:53.979942Z
PSA,urn:esa:psa:em16::42.0,Product_Bundle,2023-08-25T17:14:54.051455Z
PSA,urn:esa:psa:em16::43.0,Product_Bundle,2023-08-25T17:14:54.068204Z
PSA,urn:esa:psa:em16::48.1,Product_Bundle,2023-08-25T17:14:54.183906Z
PSA,urn:esa:psa:em16::48.104,Product_Bundle,2023-08-25T17:15:08.798052Z
PSA,urn:esa:psa:em16::48.127,Product_Bundle,2023-08-25T17:15:14.323425Z
PSA,urn:esa:psa:em16::48.131,Product_Bundle,2023-08-25T17:15:14.469772Z
PSA,urn:esa:psa:em16::48.135,Product_Bundle,2023-08-25T17:15:14.638613Z
PSA,urn:esa:psa:em16::48.139,Product_Bundle,2023-08-25T17:15:14.759521Z
PSA,urn:esa:psa:em16::48.146,Product_Bundle,2023-08-25T17:15:14.972213Z
PSA,urn:esa:psa:em16::48.148,Product_Bundle,2023-08-25T17:15:15.046092Z
PSA,urn:esa:psa:em16::48.2,Product_Bundle,2023-08-25T17:14:54.220907Z
PSA,urn:esa:psa:em16::48.35,Product_Bundle,2023-08-25T17:15:01.129881Z
PSA,urn:esa:psa:em16::48.59,Product_Bundle,2023-08-25T17:15:01.861499Z
PSA,urn:esa:psa:em16::48.71,Product_Bundle,2023-08-25T17:15:07.876206Z
PSA,urn:esa:psa:em16::48.80,Product_Bundle,2023-08-25T17:15:08.117387Z
PSA,urn:esa:psa:em16::48.87,Product_Bundle,2023-08-25T17:15:08.302253Z
PSA,urn:esa:psa:em16::5.3,Product_Bundle,2023-08-25T17:14:37.736152Z
PSA,urn:esa:psa:em16::67.14,Product_Bundle,2023-08-25T17:15:21.630583Z
PSA,urn:esa:psa:em16::67.21,Product_Bundle,2023-08-25T17:15:21.902002Z
PSA,urn:esa:psa:em16::67.22,Product_Bundle,2023-08-25T17:15:21.947913Z
PSA,urn:esa:psa:em16::67.35,Product_Bundle,2023-08-25T17:15:26.925556Z
PSA,urn:esa:psa:em16::67.41,Product_Bundle,2023-08-25T17:15:27.078704Z
PSA,urn:esa:psa:em16::67.59,Product_Bundle,2023-08-25T17:15:27.560146Z
PSA,urn:esa:psa:em16::7.2,Product_Bundle,2023-08-25T17:14:37.927385Z
PSA,urn:esa:psa:em16::7.3,Product_Bundle,2023-08-25T17:14:37.945728Z
PSA,urn:esa:psa:em16::71.0,Product_Bundle,2023-08-25T17:15:27.758497Z
PSA,urn:esa:psa:em16::72.0,Product_Bundle,2023-08-25T17:15:27.776568Z
PSA,urn:esa:psa:em16::8.10,Product_Bundle,2023-08-25T17:14:42.270478Z
PSA,urn:esa:psa:em16::8.12,Product_Bundle,2023-08-25T17:14:42.294756Z
PSA,urn:esa:psa:em16::8.2,Product_Bundle,2023-08-25T17:14:42.186406Z
PSA,urn:esa:psa:em16::8.20,Product_Bundle,2023-08-25T17:14:42.387463Z
PSA,urn:esa:psa:em16::8.21,Product_Bundle,2023-08-25T17:14:42.400504Z
PSA,urn:esa:psa:em16::8.34,Product_Bundle,2023-08-25T17:14:42.554551Z
PSA,urn:esa:psa:em16::8.35,Product_Bundle,2023-08-25T17:14:42.565390Z
PSA,urn:esa:psa:em16::8.5,Product_Bundle,2023-08-25T17:14:42.225777Z
PSA,urn:esa:psa:em16::86.0,Product_Bundle,2023-08-25T17:15:33.795632Z
PSA,urn:esa:psa:em16::92.0,Product_Bundle,2023-08-25T17:15:33.961515Z
PSA,urn:esa:psa:em16_spice::5.0,Product_Bundle,2023-09-23T18:37:19.217810Z
PSA,urn:esa:psa:juice::0.1,Product_Bundle,2023-09-21T06:49:14.031447Z
PDS_SBN,urn:jaxa:darts:hyb2_lidar::1.0,Product_Bundle,2025-02-10T22:46:28.972744Z
PDS_SBN,urn:nasa:pds:orex.otes::6.0,Product_Bundle,2022-08-09T12:23:19.105470Z
PDS_ATM,urn:nasa:pds:dd_nnss-nv::1.0,Product_Bundle,2025-05-01T16:54:37.952137Z
PDS_IMG,urn:nasa:pds:insight_cameras::1.0,Product_Bundle,2023-06-06T17:22:14.107145Z
PDS_IMG,urn:nasa:pds:insight_cameras::13.0,Product_Bundle,2023-06-06T17:22:14.170334Z
PDS_IMG,urn:nasa:pds:insight_cameras::16.0,Product_Bundle,2023-06-06T17:22:00.409899Z
PDS_PPI,urn:nasa:pds:maven.anc::2.22,Product_Bundle,2025-09-20T05:11:01.765703Z
PDS_PPI,urn:nasa:pds:maven.swea.calibrated::4.6,Product_Bundle,2025-12-14T04:25:36.662117Z
PSA,urn:esa:psa:bc_mpo_berm::1.1,Product_Bundle,2023-09-20T16:01:44.439878Z
PSA,urn:esa:psa:bc_mpo_berm::1.14,Product_Bundle,2023-09-20T16:01:56.266247Z
PSA,urn:esa:psa:bc_mpo_berm::1.15,Product_Bundle,2023-09-20T16:01:56.360429Z
PSA,urn:esa:psa:bc_mpo_berm::1.16,Product_Bundle,2023-09-20T16:01:56.481442Z
PSA,urn:esa:psa:bc_mpo_berm::1.39,Product_Bundle,2023-09-20T16:02:01.205537Z
PSA,urn:esa:psa:bc_mpo_berm::1.48,Product_Bundle,2023-09-20T16:02:03.247727Z
PSA,urn:esa:psa:bc_mpo_berm::4.0,Product_Bundle,2023-09-20T16:02:08.590561Z
PSA,urn:esa:psa:bc_mpo_berm::5.0,Product_Bundle,2023-09-20T16:02:10.403561Z
PSA,urn:esa:psa:bc_mpo_berm::5.4,Product_Bundle,2023-09-20T16:02:11.767101Z
PSA,urn:esa:psa:bc_mpo_berm::7.0,Product_Bundle,2023-09-20T16:02:13.077048Z
PSA,urn:esa:psa:bc_mpo_isa::1.0,Product_Bundle,2023-09-20T15:18:47.386176Z
PSA,urn:esa:psa:bc_mpo_isa::1.3,Product_Bundle,2023-09-20T15:47:20.147434Z
PSA,urn:esa:psa:bc_mpo_isa::1.4,Product_Bundle,2023-09-20T15:47:20.256123Z
PSA,urn:esa:psa:bc_mpo_isa::10.3,Product_Bundle,2023-09-20T15:49:46.230687Z
PSA,urn:esa:psa:bc_mpo_isa::11.1,Product_Bundle,2023-09-20T15:49:47.650699Z
PSA,urn:esa:psa:bc_mpo_isa::12.0,Product_Bundle,2023-09-20T15:49:57.695579Z
PSA,urn:esa:psa:bc_mpo_isa::13.0,Product_Bundle,2023-09-20T15:50:00.826397Z
PSA,urn:esa:psa:bc_mpo_isa::2.13,Product_Bundle,2023-09-20T15:47:23.287735Z
PSA,urn:esa:psa:bc_mpo_isa::2.9,Product_Bundle,2023-09-20T15:47:22.534377Z
PSA,urn:esa:psa:bc_mpo_isa::3.0,Product_Bundle,2023-09-20T15:47:25.041965Z
PSA,urn:esa:psa:bc_mpo_isa::4.1,Product_Bundle,2023-09-20T15:47:29.453615Z
PSA,urn:esa:psa:bc_mpo_isa::5.2,Product_Bundle,2023-09-20T15:49:37.354031Z
PSA,urn:esa:psa:bc_mpo_isa::6.4,Product_Bundle,2023-09-20T15:49:38.864829Z
PSA,urn:esa:psa:bc_mpo_isa::8.1,Product_Bundle,2023-09-20T15:49:40.131999Z
PSA,urn:esa:psa:bc_mpo_isa::9.1,Product_Bundle,2023-09-20T15:49:43.864809Z
PSA,urn:esa:psa:bc_mpo_mag::1.0,Product_Bundle,2023-09-20T15:18:55.100172Z
PSA,urn:esa:psa:bc_mpo_mixs::1.10,Product_Bundle,2023-09-20T15:44:16.791149Z
PSA,urn:esa:psa:bc_mpo_mixs::1.11,Product_Bundle,2023-09-20T15:44:20.472662Z
PSA,urn:esa:psa:bc_mpo_mixs::1.15,Product_Bundle,2023-09-20T15:44:21.085187Z
PSA,urn:esa:psa:bc_mpo_mixs::3.1,Product_Bundle,2023-09-20T16:15:51.118585Z
PSA,urn:esa:psa:bc_mpo_mixs::4.0,Product_Bundle,2023-09-20T16:15:51.666550Z
PSA,urn:esa:psa:bc_mpo_mixs::7.0,Product_Bundle,2023-09-20T16:16:29.280449Z
PSA,urn:esa:psa:bc_mpo_serena::0.10,Product_Bundle,2023-09-20T15:40:38.432423Z
PSA,urn:esa:psa:bc_mpo_serena::0.11,Product_Bundle,2023-09-20T15:40:38.711627Z
PSA,urn:esa:psa:bc_mpo_serena::0.12,Product_Bundle,2023-09-20T15:40:38.900754Z
PSA,urn:esa:psa:bc_mpo_serena::0.13,Product_Bundle,2023-09-20T15:40:43.026639Z
PSA,urn:esa:psa:bc_mpo_serena::0.15,Product_Bundle,2023-09-20T15:40:43.735609Z
PSA,urn:esa:psa:bc_mpo_serena::0.6,Product_Bundle,2023-09-20T15:40:37.733984Z
PSA,urn:esa:psa:bc_mpo_sixs::1.8,Product_Bundle,2023-09-21T05:47:26.057776Z
PSA,urn:esa:psa:bc_mpo_sixs::3.1,Product_Bundle,2023-09-21T05:52:50.563584Z
PSA,urn:esa:psa:bc_mpo_sixs::7.1,Product_Bundle,2023-09-21T05:52:52.074384Z
PSA,urn:esa:psa:em16::100.11,Product_Bundle,2023-08-25T17:15:34.439518Z
PSA,urn:esa:psa:em16::100.25,Product_Bundle,2023-08-25T17:15:34.899371Z
PSA,urn:esa:psa:em16::100.26,Product_Bundle,2023-08-25T17:15:34.921622Z
PSA,urn:esa:psa:em16::100.7,Product_Bundle,2023-08-25T17:15:34.339292Z
PSA,urn:esa:psa:em16::102.0,Product_Bundle,2023-08-25T17:15:40.130727Z
PSA,urn:esa:psa:em16::103.3,Product_Bundle,2023-08-25T17:15:40.324337Z
PSA,urn:esa:psa:em16::104.2,Product_Bundle,2023-08-25T17:15:40.416168Z
PSA,urn:esa:psa:em16::104.5,Product_Bundle,2023-08-25T17:15:40.491567Z
PSA,urn:esa:psa:em16::105.2,Product_Bundle,2023-08-25T17:15:40.599521Z
PSA,urn:esa:psa:em16::105.3,Product_Bundle,2023-08-25T17:15:40.639984Z
PSA,urn:esa:psa:em16::106.2,Product_Bundle,2023-08-25T17:15:40.749435Z
PSA,urn:esa:psa:em16::107.5,Product_Bundle,2023-08-25T17:15:40.934671Z
PSA,urn:esa:psa:em16::108.4,Product_Bundle,2023-08-25T17:15:41.155884Z
PSA,urn:esa:psa:em16::109.4,Product_Bundle,2023-08-25T17:15:53.615701Z
PSA,urn:esa:psa:em16::110.1,Product_Bundle,2023-08-25T17:15:53.694315Z
PSA,urn:esa:psa:em16::111.0,Product_Bundle,2023-08-25T17:15:53.829070Z
PSA,urn:esa:psa:em16::111.2,Product_Bundle,2023-08-25T17:15:53.931239Z
PSA,urn:esa:psa:em16::114.0,Product_Bundle,2023-08-25T17:15:54.714742Z
PSA,urn:esa:psa:em16::116.3,Product_Bundle,2023-08-25T17:15:55.299572Z
PSA,urn:esa:psa:em16::117.4,Product_Bundle,2023-08-25T17:15:55.607481Z
PSA,urn:esa:psa:em16::118.1,Product_Bundle,2023-08-25T17:15:55.713479Z
PSA,urn:esa:psa:em16::118.3,Product_Bundle,2023-08-25T17:15:55.826364Z
PSA,urn:esa:psa:em16::121.3,Product_Bundle,2023-08-25T17:16:25.296683Z
PSA,urn:esa:psa:em16::122.1,Product_Bundle,2023-08-25T17:16:25.315607Z
PSA,urn:esa:psa:em16::122.2,Product_Bundle,2023-08-25T17:16:25.324360Z
PSA,urn:esa:psa:em16::124.4,Product_Bundle,2023-08-25T17:16:25.414647Z
PSA,urn:esa:psa:em16::124.5,Product_Bundle,2023-08-25T17:16:25.446347Z
PSA,urn:esa:psa:em16::125.0,Product_Bundle,2023-08-25T17:16:25.465369Z
PSA,urn:esa:psa:em16::2.2,Product_Bundle,2023-08-25T17:14:37.443140Z
PSA,urn:esa:psa:em16::20.0,Product_Bundle,2023-08-25T17:14:47.024988Z
PSA,urn:esa:psa:em16::28.13,Product_Bundle,2023-08-25T17:14:47.359532Z
PSA,urn:esa:psa:em16::28.21,Product_Bundle,2023-08-25T17:14:47.465909Z
PSA,urn:esa:psa:em16::28.30,Product_Bundle,2023-08-25T17:14:47.590089Z
PSA,urn:esa:psa:em16::28.47,Product_Bundle,2023-08-25T17:14:53.558258Z
PSA,urn:esa:psa:em16::28.52,Product_Bundle,2023-08-25T17:14:53.669204Z
PSA,urn:esa:psa:em16::28.54,Product_Bundle,2023-08-25T17:14:53.707577Z
PSA,urn:esa:psa:em16::28.57,Product_Bundle,2023-08-25T17:14:53.753158Z
PSA,urn:esa:psa:em16::3.2,Product_Bundle,2023-08-25T17:14:37.523685Z
PSA,urn:esa:psa:em16::35.0,Product_Bundle,2023-08-25T17:14:53.925651Z
PSA,urn:esa:psa:em16::4.0,Product_Bundle,2023-08-25T17:14:37.573236Z
PSA,urn:esa:psa:em16::48.117,Product_Bundle,2023-08-25T17:15:14.087089Z
PSA,urn:esa:psa:em16::48.152,Product_Bundle,2023-08-25T17:15:15.196845Z
PSA,urn:esa:psa:em16::48.155,Product_Bundle,2023-08-25T17:15:15.333948Z
PSA,urn:esa:psa:em16::48.160,Product_Bundle,2023-08-25T17:15:15.469137Z
PSA,urn:esa:psa:em16::48.3,Product_Bundle,2023-08-25T17:14:54.248256Z
PSA,urn:esa:psa:em16::48.34,Product_Bundle,2023-08-25T17:15:01.094760Z
PSA,urn:esa:psa:em16::48.50,Product_Bundle,2023-08-25T17:15:01.493138Z
PSA,urn:esa:psa:em16::48.51,Product_Bundle,2023-08-25T17:15:01.515519Z
PSA,urn:esa:psa:em16::48.57,Product_Bundle,2023-08-25T17:15:01.673775Z
PSA,urn:esa:psa:em16::48.67,Product_Bundle,2023-08-25T17:15:07.738351Z
PSA,urn:esa:psa:em16::48.70,Product_Bundle,2023-08-25T17:15:07.855591Z
PSA,urn:esa:psa:em16::48.83,Product_Bundle,2023-08-25T17:15:08.203744Z
PSA,urn:esa:psa:em16::5.2,Product_Bundle,2023-08-25T17:14:37.719563Z
PSA,urn:esa:psa:em16::52.0,Product_Bundle,2023-08-25T17:15:20.745068Z
PSA,urn:esa:psa:em16::6.0,Product_Bundle,2023-08-25T17:14:37.766909Z
PSA,urn:esa:psa:em16::67.12,Product_Bundle,2023-08-25T17:15:21.547991Z
PSA,urn:esa:psa:em16::67.19,Product_Bundle,2023-08-25T17:15:21.812268Z
PSA,urn:esa:psa:em16::67.2,Product_Bundle,2023-08-25T17:15:21.279443Z
PSA,urn:esa:psa:em16::67.20,Product_Bundle,2023-08-25T17:15:21.853064Z
PSA,urn:esa:psa:em16::67.29,Product_Bundle,2023-08-25T17:15:22.279131Z
PSA,urn:esa:psa:em16::67.4,Product_Bundle,2023-08-25T17:15:21.327223Z
PSA,urn:esa:psa:em16::67.5,Product_Bundle,2023-08-25T17:15:21.349247Z
PSA,urn:esa:psa:em16::67.54,Product_Bundle,2023-08-25T17:15:27.426498Z
PSA,urn:esa:psa:em16::67.6,Product_Bundle,2023-08-25T17:15:21.373792Z
PSA,urn:esa:psa:em16::67.61,Product_Bundle,2023-08-25T17:15:27.599447Z
PSA,urn:esa:psa:em16::67.62,Product_Bundle,2023-08-25T17:15:27.617832Z
PSA,urn:esa:psa:em16::68.0,Product_Bundle,2023-08-25T17:15:27.687633Z
PSA,urn:esa:psa:em16::8.13,Product_Bundle,2023-08-25T17:14:42.315219Z
PSA,urn:esa:psa:em16::8.16,Product_Bundle,2023-08-25T17:14:42.344340Z
PSA,urn:esa:psa:em16::8.23,Product_Bundle,2023-08-25T17:14:42.421738Z
PSA,urn:esa:psa:em16::8.28,Product_Bundle,2023-08-25T17:14:42.486228Z
PSA,urn:esa:psa:em16::8.29,Product_Bundle,2023-08-25T17:14:42.494819Z
PSA,urn:esa:psa:em16::8.36,Product_Bundle,2023-08-25T17:14:42.578208Z
PSA,urn:esa:psa:em16::80.0,Product_Bundle,2023-08-25T17:15:27.975168Z
PSA,urn:esa:psa:em16::9.0,Product_Bundle,2023-08-25T17:14:42.638127Z
PSA,urn:esa:psa:em16_spice::4.0,Product_Bundle,2023-09-23T18:37:19.167072Z
PDS_SBN,urn:jaxa:darts:hyb2::3.0,Product_Bundle,2025-02-10T22:46:17.052291Z
PDS_SBN,urn:nasa:pds:gbo.ast.neat.survey::1.0,Product_Bundle,2025-02-12T00:17:24.802244Z
PDS_SBN,urn:nasa:pds:orex.otes::4.0,Product_Bundle,2022-08-09T12:23:17.092549Z
PDS_SBN,urn:nasa:pds:orex.ola::5.0,Product_Bundle,2025-02-27T23:21:18.864468Z
PDS_SBN,urn:nasa:pds:gbo.ast.radar.arecibo.doppler_spectra_of_asteroids::1.0,Product_Bundle,2026-01-20T18:52:14.148190208Z
PDS_SBN,urn:nasa:pds:ast_taxonomy::1.0,Product_Bundle,2026-01-20T17:10:27.075420180Z
PSA,urn:esa:psa:bc_mpo_berm::1.36,Product_Bundle,2023-09-20T16:02:00.525348Z
PSA,urn:esa:psa:bc_mpo_berm::1.41,Product_Bundle,2023-09-20T16:02:01.625827Z
PSA,urn:esa:psa:bc_mpo_berm::1.43,Product_Bundle,2023-09-20T16:02:01.808773Z
PSA,urn:esa:psa:bc_mpo_berm::1.7,Product_Bundle,2023-09-20T16:01:54.976228Z
PSA,urn:esa:psa:bc_mpo_berm::10.0,Product_Bundle,2023-09-20T16:02:16.277864Z
PSA,urn:esa:psa:bc_mpo_berm::8.0,Product_Bundle,2023-09-20T16:02:14.189665Z
PSA,urn:esa:psa:bc_mpo_berm::9.2,Product_Bundle,2023-09-20T16:02:15.545599Z
PSA,urn:esa:psa:bc_mpo_isa::1.2,Product_Bundle,2023-09-20T15:47:19.886084Z
PSA,urn:esa:psa:bc_mpo_isa::3.1,Product_Bundle,2023-09-20T15:47:25.243340Z
PSA,urn:esa:psa:bc_mpo_isa::8.0,Product_Bundle,2023-09-20T15:49:39.803755Z
PSA,urn:esa:psa:bc_mpo_mertis::0.2,Product_Bundle,2023-09-20T15:37:23.005049Z
PSA,urn:esa:psa:bc_mpo_mertis::0.5,Product_Bundle,2023-09-20T15:37:23.440839Z
PSA,urn:esa:psa:bc_mpo_mixs::1.16,Product_Bundle,2023-09-20T15:44:21.534148Z
PSA,urn:esa:psa:bc_mpo_mixs::10.0,Product_Bundle,2023-09-20T16:16:38.511402Z
PSA,urn:esa:psa:bc_mpo_mixs::4.4,Product_Bundle,2023-09-20T16:15:52.712246Z
PSA,urn:esa:psa:bc_mpo_mixs::7.1,Product_Bundle,2023-09-20T16:16:29.414778Z
PSA,urn:esa:psa:bc_mpo_more::0.1,Product_Bundle,2023-09-20T15:19:21.803692Z
PSA,urn:esa:psa:bc_mpo_serena::0.1,Product_Bundle,2023-09-20T15:19:41.255650Z
PSA,urn:esa:psa:bc_mpo_serena::0.19,Product_Bundle,2023-09-20T15:41:25.791075Z
PSA,urn:esa:psa:bc_mpo_sixs::1.0,Product_Bundle,2023-09-21T05:41:30.071502Z
PSA,urn:esa:psa:bc_mpo_sixs::1.13,Product_Bundle,2023-09-21T05:47:26.410360Z
PSA,urn:esa:psa:bc_mpo_sixs::1.14,Product_Bundle,2023-09-21T05:47:26.477370Z
PSA,urn:esa:psa:bc_mpo_sixs::1.6,Product_Bundle,2023-09-21T05:47:25.927790Z
PSA,urn:esa:psa:bc_mpo_sixs::4.4,Product_Bundle,2023-09-21T05:52:51.040143Z
PSA,urn:esa:psa:bc_mpo_sixs::5.0,Product_Bundle,2023-09-21T05:52:51.096694Z
PSA,urn:esa:psa:bc_mpo_sixs::5.3,Product_Bundle,2023-09-21T05:52:51.635645Z
PSA,urn:esa:psa:bc_mpo_sixs::7.0,Product_Bundle,2023-09-21T05:52:51.877416Z
PSA,urn:esa:psa:bc_mpo_sixs::8.1,Product_Bundle,2023-09-21T05:52:52.517522Z
PSA,urn:esa:psa:em16::100.12,Product_Bundle,2023-08-25T17:15:34.461099Z
PSA,urn:esa:psa:em16::100.13,Product_Bundle,2023-08-25T17:15:34.489958Z
PSA,urn:esa:psa:em16::100.24,Product_Bundle,2023-08-25T17:15:34.871484Z
PSA,urn:esa:psa:em16::100.31,Product_Bundle,2023-08-25T17:15:35.062551Z
PSA,urn:esa:psa:em16::100.33,Product_Bundle,2023-08-25T17:15:35.115305Z
PSA,urn:esa:psa:em16::100.4,Product_Bundle,2023-08-25T17:15:34.270078Z
PSA,urn:esa:psa:em16::102.3,Product_Bundle,2023-08-25T17:15:40.199405Z
PSA,urn:esa:psa:em16::103.0,Product_Bundle,2023-08-25T17:15:40.244135Z
PSA,urn:esa:psa:em16::105.1,Product_Bundle,2023-08-25T17:15:40.572706Z
PSA,urn:esa:psa:em16::106.3,Product_Bundle,2023-08-25T17:15:40.773244Z
PSA,urn:esa:psa:em16::109.0,Product_Bundle,2023-08-25T17:15:41.198447Z
PSA,urn:esa:psa:em16::111.1,Product_Bundle,2023-08-25T17:15:53.871915Z
PSA,urn:esa:psa:em16::112.0,Product_Bundle,2023-08-25T17:15:54.074193Z
PSA,urn:esa:psa:em16::112.2,Product_Bundle,2023-08-25T17:15:54.157610Z
PSA,urn:esa:psa:em16::113.2,Product_Bundle,2023-08-25T17:15:54.398586Z
PSA,urn:esa:psa:em16::113.3,Product_Bundle,2023-08-25T17:15:54.440496Z
PSA,urn:esa:psa:em16::115.2,Product_Bundle,2023-08-25T17:15:55.003842Z
PSA,urn:esa:psa:em16::119.0,Product_Bundle,2023-08-25T17:16:24.670069Z
PSA,urn:esa:psa:em16::124.0,Product_Bundle,2023-08-25T17:16:25.382914Z
PSA,urn:esa:psa:em16::124.2,Product_Bundle,2023-08-25T17:16:25.397601Z
PSA,urn:esa:psa:em16::18.0,Product_Bundle,2023-08-25T17:14:42.755738Z
PSA,urn:esa:psa:em16::2.1,Product_Bundle,2023-08-25T17:14:37.424968Z
PSA,urn:esa:psa:em16::28.10,Product_Bundle,2023-08-25T17:14:47.322695Z
PSA,urn:esa:psa:em16::28.23,Product_Bundle,2023-08-25T17:14:47.492733Z
PSA,urn:esa:psa:em16::28.28,Product_Bundle,2023-08-25T17:14:47.566400Z
PSA,urn:esa:psa:em16::28.5,Product_Bundle,2023-08-25T17:14:47.263421Z
PSA,urn:esa:psa:em16::28.50,Product_Bundle,2023-08-25T17:14:53.618904Z
PSA,urn:esa:psa:em16::28.9,Product_Bundle,2023-08-25T17:14:47.312240Z
PSA,urn:esa:psa:em16::32.0,Product_Bundle,2023-08-25T17:14:53.879448Z
PSA,urn:esa:psa:em16::34.0,Product_Bundle,2023-08-25T17:14:53.912023Z
PSA,urn:esa:psa:em16::4.2,Product_Bundle,2023-08-25T17:14:37.665101Z
PSA,urn:esa:psa:em16::4.4,Product_Bundle,2023-08-25T17:14:37.684328Z
PSA,urn:esa:psa:em16::44.0,Product_Bundle,2023-08-25T17:14:54.096143Z
PSA,urn:esa:psa:em16::48.0,Product_Bundle,2023-08-25T17:14:54.170344Z
PSA,urn:esa:psa:em16::48.108,Product_Bundle,2023-08-25T17:15:08.930964Z
PSA,urn:esa:psa:em16::48.121,Product_Bundle,2023-08-25T17:15:14.157928Z
PSA,urn:esa:psa:em16::48.125,Product_Bundle,2023-08-25T17:15:14.280563Z
PSA,urn:esa:psa:em16::48.129,Product_Bundle,2023-08-25T17:15:14.404392Z
PSA,urn:esa:psa:em16::48.143,Product_Bundle,2023-08-25T17:15:14.854877Z
PSA,urn:esa:psa:em16::48.20,Product_Bundle,2023-08-25T17:15:00.770183Z
PSA,urn:esa:psa:em16::48.30,Product_Bundle,2023-08-25T17:15:00.989626Z
PSA,urn:esa:psa:em16::48.31,Product_Bundle,2023-08-25T17:15:01.022604Z
PSA,urn:esa:psa:em16::48.32,Product_Bundle,2023-08-25T17:15:01.050472Z
PSA,urn:esa:psa:em16::48.33,Product_Bundle,2023-08-25T17:15:01.068253Z
PSA,urn:esa:psa:em16::48.4,Product_Bundle,2023-08-25T17:14:54.262637Z
PSA,urn:esa:psa:em16::48.44,Product_Bundle,2023-08-25T17:15:01.357601Z
PSA,urn:esa:psa:em16::48.45,Product_Bundle,2023-08-25T17:15:01.379340Z
PSA,urn:esa:psa:em16::48.55,Product_Bundle,2023-08-25T17:15:01.630619Z
PSA,urn:esa:psa:em16::48.64,Product_Bundle,2023-08-25T17:15:07.662503Z
PSA,urn:esa:psa:em16::48.66,Product_Bundle,2023-08-25T17:15:07.701695Z
PSA,urn:esa:psa:em16::48.69,Product_Bundle,2023-08-25T17:15:07.784969Z
PSA,urn:esa:psa:em16::48.7,Product_Bundle,2023-08-25T17:14:54.318375Z
PSA,urn:esa:psa:em16::48.72,Product_Bundle,2023-08-25T17:15:07.893964Z
PSA,urn:esa:psa:em16::48.78,Product_Bundle,2023-08-25T17:15:08.080394Z
PSA,urn:esa:psa:em16::48.82,Product_Bundle,2023-08-25T17:15:08.172167Z
PSA,urn:esa:psa:em16::48.86,Product_Bundle,2023-08-25T17:15:08.271339Z
PSA,urn:esa:psa:em16::48.90,Product_Bundle,2023-08-25T17:15:08.373424Z
PSA,urn:esa:psa:em16::48.95,Product_Bundle,2023-08-25T17:15:08.492782Z
PSA,urn:esa:psa:em16::48.99,Product_Bundle,2023-08-25T17:15:08.642406Z
PSA,urn:esa:psa:em16::5.0,Product_Bundle,2023-08-25T17:14:37.699226Z
PSA,urn:esa:psa:em16::6.4,Product_Bundle,2023-08-25T17:14:37.849845Z
PSA,urn:esa:psa:em16::67.0,Product_Bundle,2023-08-25T17:15:21.233412Z
PSA,urn:esa:psa:em16::67.1,Product_Bundle,2023-08-25T17:15:21.253856Z
PSA,urn:esa:psa:em16::67.17,Product_Bundle,2023-08-25T17:15:21.702604Z
PSA,urn:esa:psa:em16::67.27,Product_Bundle,2023-08-25T17:15:22.190347Z
PSA,urn:esa:psa:em16::67.36,Product_Bundle,2023-08-25T17:15:26.946559Z
PSA,urn:esa:psa:em16::67.37,Product_Bundle,2023-08-25T17:15:26.973368Z
PSA,urn:esa:psa:em16::67.47,Product_Bundle,2023-08-25T17:15:27.224598Z
PSA,urn:esa:psa:em16::67.63,Product_Bundle,2023-08-25T17:15:27.635914Z
PSA,urn:esa:psa:em16::7.0,Product_Bundle,2023-08-25T17:14:37.866622Z
PSA,urn:esa:psa:em16::7.4,Product_Bundle,2023-08-25T17:14:37.965838Z
PSA,urn:esa:psa:em16::70.0,Product_Bundle,2023-08-25T17:15:27.736017Z
PSA,urn:esa:psa:em16::74.0,Product_Bundle,2023-08-25T17:15:27.826487Z
PSA,urn:esa:psa:em16::8.0,Product_Bundle,2023-08-25T17:14:37.975089Z
PSA,urn:esa:psa:em16::8.17,Product_Bundle,2023-08-25T17:14:42.350996Z
PSA,urn:esa:psa:em16::8.39,Product_Bundle,2023-08-25T17:14:42.618574Z
PSA,urn:esa:psa:em16::8.4,Product_Bundle,2023-08-25T17:14:42.213501Z
PSA,urn:esa:psa:em16::8.8,Product_Bundle,2023-08-25T17:14:42.255337Z
PSA,urn:esa:psa:em16::8.9,Product_Bundle,2023-08-25T17:14:42.263365Z
PSA,urn:esa:psa:em16::82.0,Product_Bundle,2023-08-25T17:15:28.025075Z
PSA,urn:esa:psa:em16::88.0,Product_Bundle,2023-08-25T17:15:33.844542Z
PSA,urn:esa:psa:em16::97.0,Product_Bundle,2023-08-25T17:15:34.079912Z
PDS_SBN,urn:nasa:pds:near.mag::1.0,Product_Bundle,2026-01-16T20:54:45.008603564Z
PDS_SBN,urn:nasa:pds:near.nis::1.0,Product_Bundle,2026-01-16T21:02:57.261591975Z
PDS_SBN,urn:nasa:pds:near.xrs::1.0,Product_Bundle,2026-01-16T21:14:11.753338529Z
PDS_SBN,urn:nasa:pds:orex.otes::2.0,Product_Bundle,2022-08-09T12:23:15.076117Z
PDS_SBN,urn:nasa:pds:orex.otes::3.0,Product_Bundle,2022-08-09T12:23:16.101920Z
PDS_SBN,urn:nasa:pds:orex.otes::7.0,Product_Bundle,2022-08-09T12:23:20.108799Z
PDS_SBN,urn:nasa:pds:orex.otes::9.0,Product_Bundle,2022-08-09T12:23:22.147534Z
PDS_SBN,urn:nasa:pds:ladee_ldex::1.0,Product_Bundle,2022-08-10T06:28:58.308787Z
PDS_SBN,urn:nasa:pds:ladee_ldex::2.0,Product_Bundle,2025-02-11T21:15:47.160029Z
PDS_IMG,urn:nasa:pds:insight_cameras::8.0,Product_Bundle,2023-06-07T02:01:07.546656Z
PDS_PPI,urn:nasa:pds:maven.rose.derived::1.33,Product_Bundle,2025-06-27T21:22:09.602195Z
PSA,urn:esa:psa:em16::100.36,Product_Bundle,2023-08-25T17:15:39.899531Z
PSA,urn:esa:psa:em16::100.5,Product_Bundle,2023-08-25T17:15:34.293867Z
PSA,urn:esa:psa:em16::101.2,Product_Bundle,2023-08-25T17:15:40.039394Z
PSA,urn:esa:psa:em16::101.3,Product_Bundle,2023-08-25T17:15:40.061891Z
PSA,urn:esa:psa:em16::104.0,Product_Bundle,2023-08-25T17:15:40.370517Z
PSA,urn:esa:psa:em16::106.0,Product_Bundle,2023-08-25T17:15:40.690212Z
PSA,urn:esa:psa:em16::106.4,Product_Bundle,2023-08-25T17:15:40.795825Z
PSA,urn:esa:psa:em16::110.3,Product_Bundle,2023-08-25T17:15:53.781979Z
PSA,urn:esa:psa:em16::113.5,Product_Bundle,2023-08-25T17:15:54.526942Z
PSA,urn:esa:psa:em16::114.2,Product_Bundle,2023-08-25T17:15:54.812957Z
PSA,urn:esa:psa:em16::117.3,Product_Bundle,2023-08-25T17:15:55.562248Z
PSA,urn:esa:psa:em16::120.2,Product_Bundle,2023-08-25T17:16:25.035826Z
PSA,urn:esa:psa:em16::121.0,Product_Bundle,2023-08-25T17:16:25.149559Z
PSA,urn:esa:psa:em16::123.3,Product_Bundle,2023-08-25T17:16:25.375085Z
PSA,urn:esa:psa:em16::124.1,Product_Bundle,2023-08-25T17:16:25.390677Z
PSA,urn:esa:psa:em16::19.0,Product_Bundle,2023-08-25T17:14:42.764724Z
PSA,urn:esa:psa:em16::21.0,Product_Bundle,2023-08-25T17:14:47.034940Z
PSA,urn:esa:psa:em16::27.0,Product_Bundle,2023-08-25T17:14:47.142236Z
PSA,urn:esa:psa:em16::28.0,Product_Bundle,2023-08-25T17:14:47.154013Z
PSA,urn:esa:psa:em16::28.15,Product_Bundle,2023-08-25T17:14:47.383745Z
PSA,urn:esa:psa:em16::28.16,Product_Bundle,2023-08-25T17:14:47.395305Z
PSA,urn:esa:psa:em16::28.17,Product_Bundle,2023-08-25T17:14:47.412227Z
PSA,urn:esa:psa:em16::28.2,Product_Bundle,2023-08-25T17:14:47.189647Z
PSA,urn:esa:psa:em16::28.22,Product_Bundle,2023-08-25T17:14:47.482211Z
PSA,urn:esa:psa:em16::28.31,Product_Bundle,2023-08-25T17:14:47.614537Z
PSA,urn:esa:psa:em16::28.36,Product_Bundle,2023-08-25T17:14:47.717652Z
PSA,urn:esa:psa:em16::28.44,Product_Bundle,2023-08-25T17:14:53.511432Z
PSA,urn:esa:psa:em16::28.46,Product_Bundle,2023-08-25T17:14:53.541485Z
PSA,urn:esa:psa:em16::28.48,Product_Bundle,2023-08-25T17:14:53.577484Z
PSA,urn:esa:psa:em16::28.59,Product_Bundle,2023-08-25T17:14:53.787916Z
PSA,urn:esa:psa:em16::28.6,Product_Bundle,2023-08-25T17:14:47.277298Z
PSA,urn:esa:psa:em16::28.61,Product_Bundle,2023-08-25T17:14:53.825721Z
PSA,urn:esa:psa:em16::28.7,Product_Bundle,2023-08-25T17:14:47.290474Z
PSA,urn:esa:psa:em16::30.0,Product_Bundle,2023-08-25T17:14:53.850804Z
PSA,urn:esa:psa:em16::33.0,Product_Bundle,2023-08-25T17:14:53.897393Z
PSA,urn:esa:psa:em16::36.0,Product_Bundle,2023-08-25T17:14:53.942842Z
PSA,urn:esa:psa:em16::4.1,Product_Bundle,2023-08-25T17:14:37.652056Z
PSA,urn:esa:psa:em16::48.100,Product_Bundle,2023-08-25T17:15:08.664739Z
PSA,urn:esa:psa:em16::48.105,Product_Bundle,2023-08-25T17:15:08.816408Z
PSA,urn:esa:psa:em16::48.109,Product_Bundle,2023-08-25T17:15:08.959466Z
PSA,urn:esa:psa:em16::48.142,Product_Bundle,2023-08-25T17:15:14.838034Z
PSA,urn:esa:psa:em16::48.147,Product_Bundle,2023-08-25T17:15:15.021233Z
PSA,urn:esa:psa:em16::48.150,Product_Bundle,2023-08-25T17:15:15.110241Z
PSA,urn:esa:psa:em16::48.154,Product_Bundle,2023-08-25T17:15:15.287052Z
PSA,urn:esa:psa:em16::48.159,Product_Bundle,2023-08-25T17:15:15.444330Z
PSA,urn:esa:psa:em16::48.17,Product_Bundle,2023-08-25T17:15:00.676485Z
PSA,urn:esa:psa:em16::48.19,Product_Bundle,2023-08-25T17:15:00.742042Z
PSA,urn:esa:psa:em16::48.22,Product_Bundle,2023-08-25T17:15:00.812814Z
PSA,urn:esa:psa:em16::48.27,Product_Bundle,2023-08-25T17:15:00.917473Z
PSA,urn:esa:psa:em16::48.28,Product_Bundle,2023-08-25T17:15:00.945104Z
PSA,urn:esa:psa:em16::48.36,Product_Bundle,2023-08-25T17:15:01.149930Z
PSA,urn:esa:psa:em16::48.38,Product_Bundle,2023-08-25T17:15:01.187653Z
PSA,urn:esa:psa:em16::48.43,Product_Bundle,2023-08-25T17:15:01.340991Z
PSA,urn:esa:psa:em16::48.54,Product_Bundle,2023-08-25T17:15:01.608931Z
PSA,urn:esa:psa:em16::48.62,Product_Bundle,2023-08-25T17:15:07.607673Z
PSA,urn:esa:psa:em16::48.89,Product_Bundle,2023-08-25T17:15:08.351269Z
PSA,urn:esa:psa:em16::48.97,Product_Bundle,2023-08-25T17:15:08.584878Z
PSA,urn:esa:psa:em16::55.0,Product_Bundle,2023-08-25T17:15:20.873965Z
PSA,urn:esa:psa:em16::62.0,Product_Bundle,2023-08-25T17:15:21.094689Z
PSA,urn:esa:psa:em16::64.0,Product_Bundle,2023-08-25T17:15:21.151344Z
PSA,urn:esa:psa:em16::67.30,Product_Bundle,2023-08-25T17:15:26.783929Z
PSA,urn:esa:psa:em16::67.33,Product_Bundle,2023-08-25T17:15:26.886106Z
PSA,urn:esa:psa:em16::67.40,Product_Bundle,2023-08-25T17:15:27.060621Z
PSA,urn:esa:psa:em16::67.46,Product_Bundle,2023-08-25T17:15:27.199072Z
PSA,urn:esa:psa:em16::67.50,Product_Bundle,2023-08-25T17:15:27.287153Z
PSA,urn:esa:psa:em16::67.52,Product_Bundle,2023-08-25T17:15:27.338034Z
PSA,urn:esa:psa:em16::67.53,Product_Bundle,2023-08-25T17:15:27.387058Z
PSA,urn:esa:psa:em16::7.1,Product_Bundle,2023-08-25T17:14:37.904048Z
PSA,urn:esa:psa:em16::77.0,Product_Bundle,2023-08-25T17:15:27.910817Z
PSA,urn:esa:psa:em16::79.0,Product_Bundle,2023-08-25T17:15:27.953371Z
PSA,urn:esa:psa:em16::8.1,Product_Bundle,2023-08-25T17:14:37.987830Z
PSA,urn:esa:psa:em16::8.14,Product_Bundle,2023-08-25T17:14:42.329081Z
PSA,urn:esa:psa:em16::8.3,Product_Bundle,2023-08-25T17:14:42.203453Z
PSA,urn:esa:psa:em16::8.38,Product_Bundle,2023-08-25T17:14:42.597980Z
PSA,urn:esa:psa:em16::8.7,Product_Bundle,2023-08-25T17:14:42.247419Z
PSA,urn:esa:psa:em16::81.0,Product_Bundle,2023-08-25T17:15:27.994849Z
PSA,urn:esa:psa:em16::83.0,Product_Bundle,2023-08-25T17:15:28.057896Z
PSA,urn:esa:psa:em16::85.0,Product_Bundle,2023-08-25T17:15:33.771886Z
PSA,urn:esa:psa:em16::90.0,Product_Bundle,2023-08-25T17:15:33.909971Z
PSA,urn:esa:psa:bc_mpo_berm::1.22,Product_Bundle,2023-09-20T16:01:57.694790Z
PSA,urn:esa:psa:bc_mpo_berm::1.3,Product_Bundle,2023-09-20T16:01:44.769938Z
PSA,urn:esa:psa:bc_mpo_berm::1.32,Product_Bundle,2023-09-20T16:02:00.100605Z
PSA,urn:esa:psa:bc_mpo_berm::1.40,Product_Bundle,2023-09-20T16:02:01.509833Z
PSA,urn:esa:psa:bc_mpo_berm::1.46,Product_Bundle,2023-09-20T16:02:02.449441Z
PSA,urn:esa:psa:bc_mpo_berm::4.1,Product_Bundle,2023-09-20T16:02:09.031790Z
PSA,urn:esa:psa:bc_mpo_berm::8.2,Product_Bundle,2023-09-20T16:02:14.505303Z
PSA,urn:esa:psa:bc_mpo_isa::11.4,Product_Bundle,2023-09-20T15:49:56.677991Z
PSA,urn:esa:psa:bc_mpo_isa::2.18,Product_Bundle,2023-09-20T15:47:24.590569Z
PSA,urn:esa:psa:bc_mpo_isa::4.0,Product_Bundle,2023-09-20T15:47:29.296954Z
PSA,urn:esa:psa:bc_mpo_isa::5.1,Product_Bundle,2023-09-20T15:47:30.738348Z
PSA,urn:esa:psa:bc_mpo_isa::6.3,Product_Bundle,2023-09-20T15:49:38.717814Z
PSA,urn:esa:psa:bc_mpo_isa::7.0,Product_Bundle,2023-09-20T15:49:39.029240Z
PSA,urn:esa:psa:bc_mpo_mixs::1.4,Product_Bundle,2023-09-20T15:44:14.679797Z
PSA,urn:esa:psa:bc_mpo_mixs::1.5,Product_Bundle,2023-09-20T15:44:15.031798Z
PSA,urn:esa:psa:bc_mpo_mixs::5.1,Product_Bundle,2023-09-20T16:15:53.115503Z
PSA,urn:esa:psa:bc_mpo_mixs::9.0,Product_Bundle,2023-09-20T16:16:36.870798Z
PSA,urn:esa:psa:bc_mpo_mixs::9.2,Product_Bundle,2023-09-20T16:16:38.078949Z
PSA,urn:esa:psa:bc_mpo_phebus::0.1,Product_Bundle,2023-09-20T15:19:31.226263Z
PSA,urn:esa:psa:bc_mpo_serena::0.4,Product_Bundle,2023-09-20T15:40:37.177230Z
PSA,urn:esa:psa:bc_mpo_serena::0.9,Product_Bundle,2023-09-20T15:40:38.317413Z
PSA,urn:esa:psa:bc_mpo_sixs::1.3,Product_Bundle,2023-09-21T05:47:25.692866Z
PSA,urn:esa:psa:bc_mpo_sixs::9.1,Product_Bundle,2023-09-21T05:52:52.803407Z
PSA,urn:esa:psa:em16::100.23,Product_Bundle,2023-08-25T17:15:34.849591Z
PSA,urn:esa:psa:em16::100.28,Product_Bundle,2023-08-25T17:15:34.987466Z
PSA,urn:esa:psa:em16::100.35,Product_Bundle,2023-08-25T17:15:39.862708Z
PDS_SBN,urn:nasa:pds:orex.otes::5.0,Product_Bundle,2022-08-09T12:23:18.093227Z
PDS_IMG,urn:nasa:pds:insight_cameras::7.0,Product_Bundle,2023-06-06T17:22:12.438361Z
PDS_IMG,urn:nasa:pds:insight_cameras::9.0,Product_Bundle,2023-06-07T02:01:07.503815Z
PSA,urn:esa:psa:bc_mpo_berm::1.12,Product_Bundle,2023-09-20T16:01:55.926447Z
PSA,urn:esa:psa:bc_mpo_berm::1.31,Product_Bundle,2023-09-20T16:01:59.976750Z
PSA,urn:esa:psa:bc_mpo_berm::2.1,Product_Bundle,2023-09-20T16:02:03.585422Z
PSA,urn:esa:psa:bc_mpo_berm::3.2,Product_Bundle,2023-09-20T16:02:07.912618Z
PSA,urn:esa:psa:bc_mpo_berm::3.4,Product_Bundle,2023-09-20T16:02:08.356355Z
PSA,urn:esa:psa:bc_mpo_berm::4.3,Product_Bundle,2023-09-20T16:02:09.622543Z
PSA,urn:esa:psa:bc_mpo_berm::4.4,Product_Bundle,2023-09-20T16:02:09.907145Z
PSA,urn:esa:psa:bc_mpo_berm::5.3,Product_Bundle,2023-09-20T16:02:11.619762Z
PSA,urn:esa:psa:bc_mpo_berm::9.0,Product_Bundle,2023-09-20T16:02:15.076175Z
PSA,urn:esa:psa:bc_mpo_berm::9.1,Product_Bundle,2023-09-20T16:02:15.398455Z
PSA,urn:esa:psa:bc_mpo_isa::11.2,Product_Bundle,2023-09-20T15:49:48.413539Z
PSA,urn:esa:psa:bc_mpo_isa::12.1,Product_Bundle,2023-09-20T15:49:58.492115Z
PSA,urn:esa:psa:bc_mpo_isa::12.2,Product_Bundle,2023-09-20T15:49:59.895007Z
PSA,urn:esa:psa:bc_mpo_isa::2.1,Product_Bundle,2023-09-20T15:47:20.979327Z
PSA,urn:esa:psa:bc_mpo_isa::2.2,Product_Bundle,2023-09-20T15:47:21.095573Z
PSA,urn:esa:psa:bc_mpo_isa::4.3,Product_Bundle,2023-09-20T15:47:29.823116Z
PSA,urn:esa:psa:bc_mpo_isa::5.4,Product_Bundle,2023-09-20T15:49:37.608453Z
PSA,urn:esa:psa:bc_mpo_isa::6.2,Product_Bundle,2023-09-20T15:49:38.306824Z
PSA,urn:esa:psa:bc_mpo_mertis::0.4,Product_Bundle,2023-09-20T15:37:23.304863Z
PSA,urn:esa:psa:bc_mpo_mixs::1.1,Product_Bundle,2023-09-20T15:44:13.808874Z
PSA,urn:esa:psa:bc_mpo_mixs::1.13,Product_Bundle,2023-09-20T15:44:20.740636Z
PSA,urn:esa:psa:bc_mpo_mixs::1.7,Product_Bundle,2023-09-20T15:44:15.426763Z
PSA,urn:esa:psa:bc_mpo_mixs::2.0,Product_Bundle,2023-09-20T16:15:50.010671Z
PSA,urn:esa:psa:bc_mpo_mixs::2.1,Product_Bundle,2023-09-20T16:15:50.325512Z
PSA,urn:esa:psa:bc_mpo_mixs::4.2,Product_Bundle,2023-09-20T16:15:52.054962Z
PSA,urn:esa:psa:bc_mpo_mixs::4.3,Product_Bundle,2023-09-20T16:15:52.493198Z
PSA,urn:esa:psa:bc_mpo_mixs::5.0,Product_Bundle,2023-09-20T16:15:52.863939Z
PSA,urn:esa:psa:bc_mpo_serena::0.18,Product_Bundle,2023-09-20T15:41:25.661431Z
PSA,urn:esa:psa:bc_mpo_serena::0.2,Product_Bundle,2023-09-20T15:40:36.757947Z
PSA,urn:esa:psa:bc_mpo_serena::0.8,Product_Bundle,2023-09-20T15:40:37.972659Z
PSA,urn:esa:psa:bc_mpo_sixs::1.11,Product_Bundle,2023-09-21T05:47:26.268046Z
PSA,urn:esa:psa:bc_mpo_sixs::1.4,Product_Bundle,2023-09-21T05:47:25.715940Z
PSA,urn:esa:psa:bc_mpo_sixs::2.2,Product_Bundle,2023-09-21T05:47:26.860256Z
PSA,urn:esa:psa:bc_mpo_sixs::3.2,Product_Bundle,2023-09-21T05:52:50.636057Z
PSA,urn:esa:psa:bc_mpo_sixs::6.0,Product_Bundle,2023-09-21T05:52:51.735457Z
PSA,urn:esa:psa:bc_mpo_sixs::6.1,Product_Bundle,2023-09-21T05:52:51.770879Z
PSA,urn:esa:psa:em16::100.1,Product_Bundle,2023-08-25T17:15:34.179945Z
PSA,urn:esa:psa:em16::100.15,Product_Bundle,2023-08-25T17:15:34.574874Z
PSA,urn:esa:psa:em16::100.20,Product_Bundle,2023-08-25T17:15:34.770718Z
PSA,urn:esa:psa:em16::100.30,Product_Bundle,2023-08-25T17:15:35.036101Z
PSA,urn:esa:psa:em16::100.37,Product_Bundle,2023-08-25T17:15:39.922753Z
PSA,urn:esa:psa:em16::100.38,Product_Bundle,2023-08-25T17:15:39.959263Z
PSA,urn:esa:psa:em16::100.6,Product_Bundle,2023-08-25T17:15:34.318985Z
PSA,urn:esa:psa:em16::102.2,Product_Bundle,2023-08-25T17:15:40.175530Z
PSA,urn:esa:psa:em16::104.1,Product_Bundle,2023-08-25T17:15:40.394122Z
PSA,urn:esa:psa:em16::113.7,Product_Bundle,2023-08-25T17:15:54.621443Z
PSA,urn:esa:psa:em16::114.3,Product_Bundle,2023-08-25T17:15:54.861009Z
PSA,urn:esa:psa:em16::117.1,Product_Bundle,2023-08-25T17:15:55.445020Z
PSA,urn:esa:psa:em16::117.2,Product_Bundle,2023-08-25T17:15:55.512888Z
PSA,urn:esa:psa:em16::119.3,Product_Bundle,2023-08-25T17:16:24.815476Z
PSA,urn:esa:psa:em16::121.2,Product_Bundle,2023-08-25T17:16:25.259515Z
PSA,urn:esa:psa:em16::16.0,Product_Bundle,2023-08-25T17:14:42.722260Z
PSA,urn:esa:psa:em16::22.0,Product_Bundle,2023-08-25T17:14:47.055776Z
PSA,urn:esa:psa:em16::28.1,Product_Bundle,2023-08-25T17:14:47.170650Z
PSA,urn:esa:psa:em16::28.18,Product_Bundle,2023-08-25T17:14:47.423021Z
PSA,urn:esa:psa:em16::28.3,Product_Bundle,2023-08-25T17:14:47.211186Z
PSA,urn:esa:psa:em16::28.34,Product_Bundle,2023-08-25T17:14:47.674946Z
PSA,urn:esa:psa:em16::28.39,Product_Bundle,2023-08-25T17:14:47.774541Z
PSA,urn:esa:psa:em16::28.41,Product_Bundle,2023-08-25T17:14:47.807606Z
PSA,urn:esa:psa:em16::39.0,Product_Bundle,2023-08-25T17:14:53.997193Z
PSA,urn:esa:psa:em16::45.0,Product_Bundle,2023-08-25T17:14:54.111689Z
PSA,urn:esa:psa:em16::47.0,Product_Bundle,2023-08-25T17:14:54.143945Z
PSA,urn:esa:psa:em16::48.101,Product_Bundle,2023-08-25T17:15:08.686538Z
PSA,urn:esa:psa:em16::48.103,Product_Bundle,2023-08-25T17:15:08.780415Z
PSA,urn:esa:psa:em16::48.112,Product_Bundle,2023-08-25T17:15:13.932431Z
PSA,urn:esa:psa:em16::48.119,Product_Bundle,2023-08-25T17:15:14.119177Z
PSA,urn:esa:psa:em16::48.12,Product_Bundle,2023-08-25T17:15:00.577534Z
PSA,urn:esa:psa:em16::48.130,Product_Bundle,2023-08-25T17:15:14.454388Z
PSA,urn:esa:psa:em16::48.134,Product_Bundle,2023-08-25T17:15:14.584415Z
PSA,urn:esa:psa:em16::48.136,Product_Bundle,2023-08-25T17:15:14.680087Z
PSA,urn:esa:psa:em16::48.137,Product_Bundle,2023-08-25T17:15:14.703803Z
PSA,urn:esa:psa:em16::48.144,Product_Bundle,2023-08-25T17:15:14.887103Z
PSA,urn:esa:psa:em16::48.15,Product_Bundle,2023-08-25T17:15:00.637301Z
PSA,urn:esa:psa:em16::48.153,Product_Bundle,2023-08-25T17:15:15.230963Z
PSA,urn:esa:psa:em16::48.158,Product_Bundle,2023-08-25T17:15:15.418542Z
PSA,urn:esa:psa:em16::48.161,Product_Bundle,2023-08-25T17:15:20.617545Z
PSA,urn:esa:psa:em16::48.21,Product_Bundle,2023-08-25T17:15:00.793456Z
PSA,urn:esa:psa:em16::48.39,Product_Bundle,2023-08-25T17:15:01.215872Z
PSA,urn:esa:psa:em16::48.40,Product_Bundle,2023-08-25T17:15:01.276466Z
PSA,urn:esa:psa:em16::48.42,Product_Bundle,2023-08-25T17:15:01.314044Z
PSA,urn:esa:psa:em16::48.46,Product_Bundle,2023-08-25T17:15:01.398158Z
PSA,urn:esa:psa:em16::48.48,Product_Bundle,2023-08-25T17:15:01.450158Z
PSA,urn:esa:psa:em16::48.53,Product_Bundle,2023-08-25T17:15:01.581547Z
PSA,urn:esa:psa:em16::48.56,Product_Bundle,2023-08-25T17:15:01.649036Z
PSA,urn:esa:psa:em16::48.76,Product_Bundle,2023-08-25T17:15:08.025857Z
PSA,urn:esa:psa:em16::48.77,Product_Bundle,2023-08-25T17:15:08.050815Z
PSA,urn:esa:psa:em16::48.81,Product_Bundle,2023-08-25T17:15:08.143863Z
PSA,urn:esa:psa:em16::48.88,Product_Bundle,2023-08-25T17:15:08.326935Z
PSA,urn:esa:psa:em16::48.9,Product_Bundle,2023-08-25T17:14:54.368785Z
PSA,urn:esa:psa:em16::48.91,Product_Bundle,2023-08-25T17:15:08.412276Z
PSA,urn:esa:psa:em16::48.96,Product_Bundle,2023-08-25T17:15:08.558801Z
PSA,urn:esa:psa:em16::6.1,Product_Bundle,2023-08-25T17:14:37.776042Z
PSA,urn:esa:psa:em16::61.0,Product_Bundle,2023-08-25T17:15:21.076291Z
PSA,urn:esa:psa:em16::65.0,Product_Bundle,2023-08-25T17:15:21.186907Z
PSA,urn:esa:psa:em16::67.13,Product_Bundle,2023-08-25T17:15:21.581942Z
PSA,urn:esa:psa:em16::67.16,Product_Bundle,2023-08-25T17:15:21.677428Z
PSA,urn:esa:psa:em16::67.25,Product_Bundle,2023-08-25T17:15:22.110602Z
PSA,urn:esa:psa:em16::67.26,Product_Bundle,2023-08-25T17:15:22.167492Z
PSA,urn:esa:psa:em16::67.34,Product_Bundle,2023-08-25T17:15:26.907548Z
PSA,urn:esa:psa:em16::67.45,Product_Bundle,2023-08-25T17:15:27.179057Z
PSA,urn:esa:psa:em16::67.48,Product_Bundle,2023-08-25T17:15:27.244503Z
PSA,urn:esa:psa:em16::67.55,Product_Bundle,2023-08-25T17:15:27.455636Z
PSA,urn:esa:psa:em16::67.58,Product_Bundle,2023-08-25T17:15:27.522848Z
PSA,urn:esa:psa:em16::67.60,Product_Bundle,2023-08-25T17:15:27.581384Z
PSA,urn:esa:psa:em16::73.0,Product_Bundle,2023-08-25T17:15:27.799538Z
PSA,urn:esa:psa:em16::75.0,Product_Bundle,2023-08-25T17:15:27.856886Z
PSA,urn:esa:psa:em16::8.30,Product_Bundle,2023-08-25T17:14:42.511238Z
PSA,urn:esa:psa:em16::93.0,Product_Bundle,2023-08-25T17:15:33.986703Z
PSA,urn:esa:psa:em16::98.0,Product_Bundle,2023-08-25T17:15:34.107988Z
PSA,urn:esa:psa:em16_spice::3.0,Product_Bundle,2023-09-23T18:37:19.130634Z
PSA,urn:esa:psa:em16_spice::7.0,Product_Bundle,2023-09-23T18:37:19.339135Z
PDS_SBN,urn:nasa:pds:ladee_ldex::1.1,Product_Bundle,2022-08-10T06:28:57.266065Z
PDS_GEO,urn:nasa:pds:chand1-orb_mini_rf::1.0,Product_Bundle,2024-11-25T23:13:15.504379100Z
PDS_PPI,urn:nasa:pds:maven.lpw.calibrated::8.1,Product_Bundle,2025-06-24T01:27:38.623827Z
PDS_PPI,urn:nasa:pds:maven.euv.modelled::23.0,Product_Bundle,2025-06-23T21:52:35.901736Z
PSA,urn:esa:psa:bc_mpo_berm::1.10,Product_Bundle,2023-09-20T16:01:55.504080Z
PSA,urn:esa:psa:bc_mpo_berm::1.11,Product_Bundle,2023-09-20T16:01:55.788540Z
PSA,urn:esa:psa:bc_mpo_berm::1.19,Product_Bundle,2023-09-20T16:01:57.247480Z
PSA,urn:esa:psa:bc_mpo_berm::1.29,Product_Bundle,2023-09-20T16:01:59.156060Z
PSA,urn:esa:psa:bc_mpo_berm::1.30,Product_Bundle,2023-09-20T16:01:59.606080Z
PSA,urn:esa:psa:bc_mpo_berm::1.34,Product_Bundle,2023-09-20T16:02:00.294871Z
PSA,urn:esa:psa:bc_mpo_berm::1.49,Product_Bundle,2023-09-20T16:02:03.364173Z
PSA,urn:esa:psa:bc_mpo_berm::1.8,Product_Bundle,2023-09-20T16:01:55.311613Z
PSA,urn:esa:psa:bc_mpo_berm::11.0,Product_Bundle,2023-09-20T16:02:16.992211Z
PSA,urn:esa:psa:bc_mpo_berm::11.1,Product_Bundle,2023-09-20T16:02:17.403492Z
PSA,urn:esa:psa:bc_mpo_berm::12.1,Product_Bundle,2023-09-20T16:02:18.025991Z
PSA,urn:esa:psa:bc_mpo_berm::6.0,Product_Bundle,2023-09-20T16:02:11.964654Z
PSA,urn:esa:psa:bc_mpo_berm::6.2,Product_Bundle,2023-09-20T16:02:12.783366Z
PSA,urn:esa:psa:bc_mpo_berm::6.3,Product_Bundle,2023-09-20T16:02:12.941404Z
PSA,urn:esa:psa:bc_mpo_berm::9.4,Product_Bundle,2023-09-20T16:02:15.885504Z
PSA,urn:esa:psa:bc_mpo_isa::10.0,Product_Bundle,2023-09-20T15:49:44.692757Z
PSA,urn:esa:psa:bc_mpo_isa::10.2,Product_Bundle,2023-09-20T15:49:45.752758Z
PSA,urn:esa:psa:bc_mpo_isa::11.3,Product_Bundle,2023-09-20T15:49:55.417431Z
PSA,urn:esa:psa:bc_mpo_isa::12.3,Product_Bundle,2023-09-20T15:50:00.629063Z
PSA,urn:esa:psa:bc_mpo_isa::2.10,Product_Bundle,2023-09-20T15:47:22.655583Z
PSA,urn:esa:psa:bc_mpo_isa::2.12,Product_Bundle,2023-09-20T15:47:23.122807Z
PSA,urn:esa:psa:bc_mpo_isa::2.15,Product_Bundle,2023-09-20T15:47:24.123797Z
PSA,urn:esa:psa:bc_mpo_isa::2.7,Product_Bundle,2023-09-20T15:47:22.271867Z
PSA,urn:esa:psa:bc_mpo_isa::3.2,Product_Bundle,2023-09-20T15:47:28.828173Z
PSA,urn:esa:psa:bc_mpo_isa::3.3,Product_Bundle,2023-09-20T15:47:29.157990Z
PSA,urn:esa:psa:bc_mpo_isa::4.4,Product_Bundle,2023-09-20T15:47:29.931753Z
PSA,urn:esa:psa:bc_mpo_isa::7.2,Product_Bundle,2023-09-20T15:49:39.334800Z
PSA,urn:esa:psa:bc_mpo_isa::7.3,Product_Bundle,2023-09-20T15:49:39.694995Z
PSA,urn:esa:psa:bc_mpo_isa::9.0,Product_Bundle,2023-09-20T15:49:43.178578Z
PSA,urn:esa:psa:bc_mpo_isa::9.2,Product_Bundle,2023-09-20T15:49:43.995720Z
PSA,urn:esa:psa:bc_mpo_mertis::0.3,Product_Bundle,2023-09-20T15:37:23.128343Z
PSA,urn:esa:psa:bc_mpo_mixs::1.12,Product_Bundle,2023-09-20T15:44:20.584995Z
PSA,urn:esa:psa:bc_mpo_mixs::1.2,Product_Bundle,2023-09-20T15:44:14.264188Z
PSA,urn:esa:psa:bc_mpo_mixs::1.3,Product_Bundle,2023-09-20T15:44:14.526113Z
PSA,urn:esa:psa:bc_mpo_mixs::8.1,Product_Bundle,2023-09-20T16:16:34.002320Z
PSA,urn:esa:psa:bc_mpo_serena::0.14,Product_Bundle,2023-09-20T15:40:43.389461Z
PSA,urn:esa:psa:bc_mpo_serena::0.17,Product_Bundle,2023-09-20T15:41:25.459221Z
PSA,urn:esa:psa:bc_mpo_sixs::1.1,Product_Bundle,2023-09-21T05:47:25.583967Z
PSA,urn:esa:psa:bc_mpo_sixs::1.16,Product_Bundle,2023-09-21T05:47:26.571164Z
PSA,urn:esa:psa:bc_mpo_sixs::3.0,Product_Bundle,2023-09-21T05:47:27.049935Z
PSA,urn:esa:psa:bc_mpo_sixs::4.0,Product_Bundle,2023-09-21T05:52:50.683986Z
PSA,urn:esa:psa:bc_mpo_sixs::4.1,Product_Bundle,2023-09-21T05:52:50.813756Z
PSA,urn:esa:psa:bc_mpo_sixs::4.3,Product_Bundle,2023-09-21T05:52:50.980998Z
PSA,urn:esa:psa:bc_mpo_sixs::5.1,Product_Bundle,2023-09-21T05:52:51.214607Z
PSA,urn:esa:psa:bc_mpo_sixs::5.2,Product_Bundle,2023-09-21T05:52:51.354343Z
PSA,urn:esa:psa:bc_mpo_sixs::7.2,Product_Bundle,2023-09-21T05:52:52.253040Z
PSA,urn:esa:psa:bc_mpo_sixs::7.3,Product_Bundle,2023-09-21T05:52:52.346834Z
PSA,urn:esa:psa:bc_mpo_sixs::8.0,Product_Bundle,2023-09-21T05:52:52.441300Z
PSA,urn:esa:psa:bc_mpo_sixs::8.2,Product_Bundle,2023-09-21T05:52:52.726514Z
PSA,urn:esa:psa:bc_mpo_sixs::9.0,Product_Bundle,2023-09-21T05:52:52.773367Z
PSA,urn:esa:psa:em16::100.27,Product_Bundle,2023-08-25T17:15:34.954356Z
PSA,urn:esa:psa:em16::100.29,Product_Bundle,2023-08-25T17:15:35.009905Z
PSA,urn:esa:psa:em16::100.34,Product_Bundle,2023-08-25T17:15:39.837755Z
PSA,urn:esa:psa:em16::100.9,Product_Bundle,2023-08-25T17:15:34.394090Z
PSA,urn:esa:psa:em16::102.4,Product_Bundle,2023-08-25T17:15:40.221822Z
PSA,urn:esa:psa:em16::103.4,Product_Bundle,2023-08-25T17:15:40.346192Z
PSA,urn:esa:psa:em16::107.1,Product_Bundle,2023-08-25T17:15:40.842361Z
PSA,urn:esa:psa:em16::107.3,Product_Bundle,2023-08-25T17:15:40.890544Z
PSA,urn:esa:psa:em16::109.1,Product_Bundle,2023-08-25T17:15:41.247182Z
PSA,urn:esa:psa:em16::110.0,Product_Bundle,2023-08-25T17:15:53.653047Z
PSA,urn:esa:psa:em16::110.2,Product_Bundle,2023-08-25T17:15:53.730350Z
PSA,urn:esa:psa:em16::112.3,Product_Bundle,2023-08-25T17:15:54.205134Z
PSA,urn:esa:psa:em16::112.4,Product_Bundle,2023-08-25T17:15:54.249717Z
PSA,urn:esa:psa:em16::113.1,Product_Bundle,2023-08-25T17:15:54.336074Z
PSA,urn:esa:psa:em16::113.8,Product_Bundle,2023-08-25T17:15:54.668326Z
PSA,urn:esa:psa:em16::115.0,Product_Bundle,2023-08-25T17:15:54.917924Z
PSA,urn:esa:psa:em16::116.2,Product_Bundle,2023-08-25T17:15:55.260947Z
PSA,urn:esa:psa:em16::119.1,Product_Bundle,2023-08-25T17:16:24.712879Z
PSA,urn:esa:psa:em16::120.3,Product_Bundle,2023-08-25T17:16:25.086760Z
PSA,urn:esa:psa:em16::123.0,Product_Bundle,2023-08-25T17:16:25.351250Z
PSA,urn:esa:psa:em16::123.1,Product_Bundle,2023-08-25T17:16:25.360050Z
PSA,urn:esa:psa:em16::124.3,Product_Bundle,2023-08-25T17:16:25.405762Z
PSA,urn:esa:psa:em16::14.0,Product_Bundle,2023-08-25T17:14:42.695574Z
PSA,urn:esa:psa:em16::15.0,Product_Bundle,2023-08-25T17:14:42.707931Z
PSA,urn:esa:psa:em16::2.0,Product_Bundle,2023-08-25T17:14:36.799440Z
PSA,urn:esa:psa:em16::28.12,Product_Bundle,2023-08-25T17:14:47.349363Z
PSA,urn:esa:psa:em16::28.27,Product_Bundle,2023-08-25T17:14:47.554181Z
PSA,urn:esa:psa:em16::28.29,Product_Bundle,2023-08-25T17:14:47.580136Z
PSA,urn:esa:psa:em16::28.32,Product_Bundle,2023-08-25T17:14:47.628001Z
PSA,urn:esa:psa:em16::28.37,Product_Bundle,2023-08-25T17:14:47.741220Z
PSA,urn:esa:psa:em16::28.4,Product_Bundle,2023-08-25T17:14:47.246125Z
PSA,urn:esa:psa:em16::28.42,Product_Bundle,2023-08-25T17:14:53.469557Z
PSA,urn:esa:psa:em16::28.45,Product_Bundle,2023-08-25T17:14:53.527573Z
PSA,urn:esa:psa:em16::28.49,Product_Bundle,2023-08-25T17:14:53.596790Z
PSA,urn:esa:psa:em16::28.53,Product_Bundle,2023-08-25T17:14:53.691258Z
PSA,urn:esa:psa:em16::28.55,Product_Bundle,2023-08-25T17:14:53.726969Z
PSA,urn:esa:psa:em16::28.56,Product_Bundle,2023-08-25T17:14:53.737717Z
PSA,urn:esa:psa:em16::28.58,Product_Bundle,2023-08-25T17:14:53.771160Z
PSA,urn:esa:psa:em16::28.60,Product_Bundle,2023-08-25T17:14:53.812256Z
PSA,urn:esa:psa:em16::3.3,Product_Bundle,2023-08-25T17:14:37.552039Z
PSA,urn:esa:psa:em16::40.0,Product_Bundle,2023-08-25T17:14:54.022187Z
PSA,urn:esa:psa:em16::48.11,Product_Bundle,2023-08-25T17:15:00.561876Z
PSA,urn:esa:psa:em16::48.113,Product_Bundle,2023-08-25T17:15:13.948247Z
PSA,urn:esa:psa:em16::48.114,Product_Bundle,2023-08-25T17:15:13.975832Z
PSA,urn:esa:psa:em16::48.115,Product_Bundle,2023-08-25T17:15:13.993455Z
PSA,urn:esa:psa:em16::48.122,Product_Bundle,2023-08-25T17:15:14.185066Z
PSA,urn:esa:psa:em16::48.124,Product_Bundle,2023-08-25T17:15:14.250803Z
PSA,urn:esa:psa:em16::48.132,Product_Bundle,2023-08-25T17:15:14.501040Z
PSA,urn:esa:psa:em16::48.138,Product_Bundle,2023-08-25T17:15:14.739901Z
PSA,urn:esa:psa:em16::48.141,Product_Bundle,2023-08-25T17:15:14.819380Z
PSA,urn:esa:psa:em16::48.145,Product_Bundle,2023-08-25T17:15:14.920057Z
PSA,urn:esa:psa:em16::48.157,Product_Bundle,2023-08-25T17:15:15.389182Z
PSA,urn:esa:psa:em16::48.162,Product_Bundle,2023-08-25T17:15:20.640613Z
PSA,urn:esa:psa:em16::48.18,Product_Bundle,2023-08-25T17:15:00.712029Z
PSA,urn:esa:psa:em16::48.23,Product_Bundle,2023-08-25T17:15:00.828329Z
PSA,urn:esa:psa:em16::48.29,Product_Bundle,2023-08-25T17:15:00.968647Z
PSA,urn:esa:psa:em16::48.47,Product_Bundle,2023-08-25T17:15:01.420053Z
PSA,urn:esa:psa:em16::48.58,Product_Bundle,2023-08-25T17:15:01.799764Z
PSA,urn:esa:psa:em16::48.68,Product_Bundle,2023-08-25T17:15:07.761171Z
PSA,urn:esa:psa:em16::48.79,Product_Bundle,2023-08-25T17:15:08.096956Z
PSA,urn:esa:psa:em16::48.8,Product_Bundle,2023-08-25T17:14:54.348381Z
PSA,urn:esa:psa:em16::48.85,Product_Bundle,2023-08-25T17:15:08.248627Z
PSA,urn:esa:psa:em16::49.0,Product_Bundle,2023-08-25T17:15:20.660242Z
PSA,urn:esa:psa:em16::5.1,Product_Bundle,2023-08-25T17:14:37.708090Z
PSA,urn:esa:psa:em16::51.0,Product_Bundle,2023-08-25T17:15:20.714402Z
PSA,urn:esa:psa:em16::53.0,Product_Bundle,2023-08-25T17:15:20.798918Z
PSA,urn:esa:psa:em16::58.0,Product_Bundle,2023-08-25T17:15:20.983851Z
PSA,urn:esa:psa:em16::6.2,Product_Bundle,2023-08-25T17:14:37.816310Z
PSA,urn:esa:psa:em16::6.3,Product_Bundle,2023-08-25T17:14:37.835894Z
PSA,urn:esa:psa:em16::60.0,Product_Bundle,2023-08-25T17:15:21.057478Z
PSA,urn:esa:psa:em16::66.0,Product_Bundle,2023-08-25T17:15:21.211505Z
PSA,urn:esa:psa:em16::67.15,Product_Bundle,2023-08-25T17:15:21.659166Z
PSA,urn:esa:psa:em16::67.32,Product_Bundle,2023-08-25T17:15:26.864789Z
PSA,urn:esa:psa:em16::67.38,Product_Bundle,2023-08-25T17:15:26.999767Z
PSA,urn:esa:psa:em16::67.39,Product_Bundle,2023-08-25T17:15:27.020337Z
PSA,urn:esa:psa:em16::67.44,Product_Bundle,2023-08-25T17:15:27.156389Z
PSA,urn:esa:psa:em16::67.51,Product_Bundle,2023-08-25T17:15:27.309849Z
PSA,urn:esa:psa:em16::67.56,Product_Bundle,2023-08-25T17:15:27.476773Z
PSA,urn:esa:psa:em16::67.7,Product_Bundle,2023-08-25T17:15:21.394653Z
PSA,urn:esa:psa:em16::69.0,Product_Bundle,2023-08-25T17:15:27.710631Z
PSA,urn:esa:psa:em16::76.0,Product_Bundle,2023-08-25T17:15:27.889630Z
PSA,urn:esa:psa:em16::8.18,Product_Bundle,2023-08-25T17:14:42.363247Z
PSA,urn:esa:psa:em16::8.37,Product_Bundle,2023-08-25T17:14:42.586330Z
PSA,urn:esa:psa:em16::8.6,Product_Bundle,2023-08-25T17:14:42.236871Z
PSA,urn:esa:psa:em16::91.0,Product_Bundle,2023-08-25T17:15:33.933472Z
PSA,urn:esa:psa:em16::94.0,Product_Bundle,2023-08-25T17:15:34.007542Z
PSA,urn:esa:psa:em16_spice::6.0,Product_Bundle,2023-09-23T18:37:19.283504Z
PDS_SBN,urn:nasa:pds:gbo.ast.loneos.survey::1.0,Product_Bundle,2025-02-27T23:08:33.157780Z
PDS_SBN,urn:nasa:pds:orex.otes::8.0,Product_Bundle,2022-08-09T12:23:21.116873Z
PDS_ATM,urn:nasa:pds:juno_uvs::1.0,Product_Bundle,2025-05-10T03:39:43.282268Z
PDS_ATM,urn:nasa:pds:maven.iuvs.processed::13.0,Product_Bundle,2025-05-14T21:55:39.627362Z
PDS_IMG,urn:nasa:pds:insight_cameras::11.0,Product_Bundle,2023-06-06T17:22:12.403339Z
PDS_IMG,urn:nasa:pds:insight_cameras::5.0,Product_Bundle,2023-06-06T17:22:14.200006Z
PSA,urn:esa:psa:bc_mpo_berm::1.17,Product_Bundle,2023-09-20T16:01:56.702660Z
PSA,urn:esa:psa:bc_mpo_berm::1.2,Product_Bundle,2023-09-20T16:01:44.666512Z
PSA,urn:esa:psa:bc_mpo_berm::1.21,Product_Bundle,2023-09-20T16:01:57.606310Z
PSA,urn:esa:psa:bc_mpo_berm::1.24,Product_Bundle,2023-09-20T16:01:58.037281Z
PSA,urn:esa:psa:bc_mpo_berm::1.33,Product_Bundle,2023-09-20T16:02:00.213731Z
PSA,urn:esa:psa:bc_mpo_berm::1.35,Product_Bundle,2023-09-20T16:02:00.383543Z
PSA,urn:esa:psa:bc_mpo_berm::1.47,Product_Bundle,2023-09-20T16:02:03.122576Z
PSA,urn:esa:psa:bc_mpo_berm::1.6,Product_Bundle,2023-09-20T16:01:48.656826Z
PSA,urn:esa:psa:bc_mpo_berm::3.0,Product_Bundle,2023-09-20T16:02:04.433237Z
PSA,urn:esa:psa:bc_mpo_berm::4.2,Product_Bundle,2023-09-20T16:02:09.368153Z
PSA,urn:esa:psa:bc_mpo_berm::5.1,Product_Bundle,2023-09-20T16:02:10.684338Z
PSA,urn:esa:psa:bc_mpo_berm::6.1,Product_Bundle,2023-09-20T16:02:12.254808Z
PSA,urn:esa:psa:bc_mpo_berm::7.1,Product_Bundle,2023-09-20T16:02:13.233618Z
PSA,urn:esa:psa:bc_mpo_berm::7.2,Product_Bundle,2023-09-20T16:02:13.477955Z
PSA,urn:esa:psa:bc_mpo_berm::7.3,Product_Bundle,2023-09-20T16:02:13.860547Z
PSA,urn:esa:psa:bc_mpo_isa::1.1,Product_Bundle,2023-09-20T15:47:19.681003Z
PSA,urn:esa:psa:bc_mpo_isa::10.4,Product_Bundle,2023-09-20T15:49:46.734120Z
PSA,urn:esa:psa:bc_mpo_isa::13.1,Product_Bundle,2023-09-20T15:50:01.230477Z
PSA,urn:esa:psa:bc_mpo_isa::2.14,Product_Bundle,2023-09-20T15:47:23.814940Z
PSA,urn:esa:psa:bc_mpo_isa::2.3,Product_Bundle,2023-09-20T15:47:21.212114Z
PSA,urn:esa:psa:bc_mpo_isa::2.5,Product_Bundle,2023-09-20T15:47:21.607933Z
PSA,urn:esa:psa:bc_mpo_isa::2.6,Product_Bundle,2023-09-20T15:47:21.995962Z
PSA,urn:esa:psa:bc_mpo_isa::4.2,Product_Bundle,2023-09-20T15:47:29.561852Z
PSA,urn:esa:psa:bc_mpo_isa::6.1,Product_Bundle,2023-09-20T15:49:37.941452Z
PSA,urn:esa:psa:bc_mpo_isa::9.3,Product_Bundle,2023-09-20T15:49:44.219997Z
PSA,urn:esa:psa:bc_mpo_mertis::0.1,Product_Bundle,2023-09-20T15:19:04.077686Z
PSA,urn:esa:psa:bc_mpo_mixs::1.14,Product_Bundle,2023-09-20T15:44:20.852970Z
PSA,urn:esa:psa:bc_mpo_mixs::1.6,Product_Bundle,2023-09-20T15:44:15.310875Z
PSA,urn:esa:psa:bc_mpo_mixs::2.2,Product_Bundle,2023-09-20T16:15:50.695725Z
PSA,urn:esa:psa:bc_mpo_mixs::3.2,Product_Bundle,2023-09-20T16:15:51.484885Z
PSA,urn:esa:psa:bc_mpo_mixs::5.2,Product_Bundle,2023-09-20T16:15:53.236946Z
PSA,urn:esa:psa:bc_mpo_mixs::7.2,Product_Bundle,2023-09-20T16:16:32.974608Z
PSA,urn:esa:psa:bc_mpo_mixs::8.0,Product_Bundle,2023-09-20T16:16:33.094987Z
PSA,urn:esa:psa:bc_mpo_serena::0.16,Product_Bundle,2023-09-20T15:40:44.562829Z
PSA,urn:esa:psa:bc_mpo_serena::0.7,Product_Bundle,2023-09-20T15:40:37.834721Z
PSA,urn:esa:psa:bc_mpo_sixs::1.17,Product_Bundle,2023-09-21T05:47:26.707112Z
PSA,urn:esa:psa:bc_mpo_sixs::1.2,Product_Bundle,2023-09-21T05:47:25.633437Z
PSA,urn:esa:psa:bc_mpo_sixs::1.5,Product_Bundle,2023-09-21T05:47:25.767439Z
PSA,urn:esa:psa:em16::10.0,Product_Bundle,2023-08-25T17:14:42.650091Z
PSA,urn:esa:psa:em16::100.16,Product_Bundle,2023-08-25T17:15:34.631761Z
PSA,urn:esa:psa:em16::100.2,Product_Bundle,2023-08-25T17:15:34.224810Z
PSA,urn:esa:psa:em16::100.3,Product_Bundle,2023-08-25T17:15:34.247112Z
PSA,urn:esa:psa:em16::100.8,Product_Bundle,2023-08-25T17:15:34.373962Z
PSA,urn:esa:psa:em16::101.1,Product_Bundle,2023-08-25T17:15:40.017351Z
PSA,urn:esa:psa:em16::105.4,Product_Bundle,2023-08-25T17:15:40.665404Z
PSA,urn:esa:psa:em16::106.1,Product_Bundle,2023-08-25T17:15:40.717246Z
PSA,urn:esa:psa:em16::108.1,Product_Bundle,2023-08-25T17:15:41.026277Z
PSA,urn:esa:psa:em16::109.2,Product_Bundle,2023-08-25T17:15:53.522970Z
PSA,urn:esa:psa:em16::113.4,Product_Bundle,2023-08-25T17:15:54.477557Z
PSA,urn:esa:psa:em16::115.1,Product_Bundle,2023-08-25T17:15:54.964566Z
PSA,urn:esa:psa:em16::115.3,Product_Bundle,2023-08-25T17:15:55.058519Z
PSA,urn:esa:psa:em16::115.4,Product_Bundle,2023-08-25T17:15:55.106549Z
PSA,urn:esa:psa:em16::116.1,Product_Bundle,2023-08-25T17:15:55.211598Z
PSA,urn:esa:psa:em16::118.0,Product_Bundle,2023-08-25T17:15:55.662186Z
PSA,urn:esa:psa:em16::118.4,Product_Bundle,2023-08-25T17:15:55.896067Z
PSA,urn:esa:psa:em16::120.4,Product_Bundle,2023-08-25T17:16:25.119014Z
PSA,urn:esa:psa:em16::121.1,Product_Bundle,2023-08-25T17:16:25.229639Z
PSA,urn:esa:psa:em16::122.3,Product_Bundle,2023-08-25T17:16:25.332748Z
PSA,urn:esa:psa:em16::123.2,Product_Bundle,2023-08-25T17:16:25.367687Z
PSA,urn:esa:psa:em16::13.0,Product_Bundle,2023-08-25T17:14:42.684014Z
PSA,urn:esa:psa:em16::24.0,Product_Bundle,2023-08-25T17:14:47.095662Z
PSA,urn:esa:psa:em16::26.0,Product_Bundle,2023-08-25T17:14:47.119959Z
PSA,urn:esa:psa:em16::28.25,Product_Bundle,2023-08-25T17:14:47.519421Z
PSA,urn:esa:psa:em16::28.26,Product_Bundle,2023-08-25T17:14:47.533310Z
PSA,urn:esa:psa:em16::29.0,Product_Bundle,2023-08-25T17:14:53.836666Z
PSA,urn:esa:psa:em16::3.1,Product_Bundle,2023-08-25T17:14:37.497629Z
PSA,urn:esa:psa:em16::4.3,Product_Bundle,2023-08-25T17:14:37.676336Z
PSA,urn:esa:psa:em16::48.102,Product_Bundle,2023-08-25T17:15:08.747551Z
PSA,urn:esa:psa:em16::48.107,Product_Bundle,2023-08-25T17:15:08.878474Z
PSA,urn:esa:psa:em16::48.110,Product_Bundle,2023-08-25T17:15:08.975015Z
PSA,urn:esa:psa:em16::48.111,Product_Bundle,2023-08-25T17:15:13.912661Z
PSA,urn:esa:psa:em16::48.116,Product_Bundle,2023-08-25T17:15:14.038151Z
PSA,urn:esa:psa:em16::48.120,Product_Bundle,2023-08-25T17:15:14.136361Z
PSA,urn:esa:psa:em16::48.123,Product_Bundle,2023-08-25T17:15:14.216322Z
PSA,urn:esa:psa:em16::48.13,Product_Bundle,2023-08-25T17:15:00.595558Z
PSA,urn:esa:psa:em16::48.133,Product_Bundle,2023-08-25T17:15:14.534410Z
PSA,urn:esa:psa:em16::48.151,Product_Bundle,2023-08-25T17:15:15.175971Z
PSA,urn:esa:psa:em16::48.26,Product_Bundle,2023-08-25T17:15:00.896955Z
PSA,urn:esa:psa:em16::48.37,Product_Bundle,2023-08-25T17:15:01.170725Z
PSA,urn:esa:psa:em16::48.52,Product_Bundle,2023-08-25T17:15:01.546930Z
PSA,urn:esa:psa:em16::48.6,Product_Bundle,2023-08-25T17:14:54.300400Z
PSA,urn:esa:psa:em16::48.63,Product_Bundle,2023-08-25T17:15:07.637145Z
PSA,urn:esa:psa:em16::48.74,Product_Bundle,2023-08-25T17:15:07.933948Z
PSA,urn:esa:psa:em16::48.93,Product_Bundle,2023-08-25T17:15:08.444222Z
PSA,urn:esa:psa:em16::48.94,Product_Bundle,2023-08-25T17:15:08.459459Z
PSA,urn:esa:psa:em16::50.0,Product_Bundle,2023-08-25T17:15:20.680454Z
PSA,urn:esa:psa:em16::54.0,Product_Bundle,2023-08-25T17:15:20.839512Z
PSA,urn:esa:psa:em16::56.0,Product_Bundle,2023-08-25T17:15:20.892383Z
PSA,urn:esa:psa:em16::67.11,Product_Bundle,2023-08-25T17:15:21.521741Z
PSA,urn:esa:psa:em16::67.18,Product_Bundle,2023-08-25T17:15:21.743258Z
PSA,urn:esa:psa:em16::67.31,Product_Bundle,2023-08-25T17:15:26.835323Z
PSA,urn:esa:psa:em16::67.43,Product_Bundle,2023-08-25T17:15:27.120828Z
PSA,urn:esa:psa:em16::67.49,Product_Bundle,2023-08-25T17:15:27.264906Z
PSA,urn:esa:psa:em16::78.0,Product_Bundle,2023-08-25T17:15:27.929174Z
PSA,urn:esa:psa:em16::8.40,Product_Bundle,2023-08-25T17:14:42.630216Z
PSA,urn:esa:psa:em16::87.0,Product_Bundle,2023-08-25T17:15:33.819537Z
PSA,urn:esa:psa:em16::95.0,Product_Bundle,2023-08-25T17:15:34.031725Z
PSA,urn:esa:psa:em16::99.0,Product_Bundle,2023-08-25T17:15:34.130295Z
PDS_SBN,urn:nasa:pds:nearmsi.shapebackplane::1.0,Product_Bundle,2025-02-11T18:44:09.532830Z
PDS_SBN,urn:nasa:pds:ladee_ldex::1.2,Product_Bundle,2022-08-10T06:28:52.298085Z
PDS_SBN,urn:nasa:pds:bopps2014::1.0,Product_Bundle,2025-07-22T22:48:09.852492089Z
